device,elapsed,rss,mRSS10,mRSS100,dist,label
ASUS_Z00AD,2638.74873821,-88,-83.9,-82.6,20,1
ASUS_Z00AD,2638.852250658,-89,-84.9,-82.62,20,1
ASUS_Z00AD,2639.173976178,-89,-87.1,-82.64,20,1
ASUS_Z00AD,2639.28699222,-88,-88.3,-82.61,20,1
ASUS_Z00AD,2641.033511698,-88,-90.3,-82.18,20,1
ASUS_Z00AD,2641.254993052,-98,-88.4,-82.16,20,1
ASUS_Z00AD,2641.466193573,-86,-87.7,-82.11,20,1
ASUS_Z00AD,2641.566744042,-86,-87.5,-82.04,20,1
ASUS_Z00AD,2643.449658312,-80,-81,-81.32,20,1
ASUS_Z00AD,2645.135680499,-81,-80.9,-81.21,20,1
ASUS_Z00AD,2645.466974874,-81,-81,-81.18,20,1
ASUS_Z00AD,2646.881485863,-78,-78.1,-80.98,20,1
ASUS_Z00AD,2649.718734612,-76,-76.7,-78.48,20,1
ASUS_Z00AD,2651.039337945,-78,-78.3,-78.05,20,1
ASUS_Z00AD,2651.259255809,-78,-78.3,-78.02,20,1
ASUS_Z00AD,2651.368814559,-78,-78.2,-78,20,1
ASUS_Z00AD,2652.032731382,-78,-78.3,-77.84,20,1
ASUS_Z00AD,2652.703490131,-78,-78.2,-77.61,20,1
ASUS_Z00AD,2653.042824923,-78,-78.3,-77.48,20,1
ASUS_Z00AD,2653.843150235,-78,-78.2,-77.47,20,1
ASUS_Z00AD,2654.70877211,-79,-77.9,-77.68,20,1
ASUS_Z00AD,2659.304058931,-76,-77.4,-77.67,20,1
ASUS_Z00AD,2659.641948462,-77,-77.9,-77.69,20,1
ASUS_Z00AD,2659.866052525,-79,-79.2,-77.83,20,1
ASUS_Z00AD,2660.193764504,-82,-79.9,-77.9,20,1
ASUS_Z00AD,2660.424392576,-81,-79.2,-77.94,20,1
ASUS_Z00AD,2661.078951118,-75,-76.6,-78.25,20,1
ASUS_Z00AD,2661.293413826,-77,-76.4,-78.32,20,1
ASUS_Z00AD,2662.277303044,-76,-76.4,-78.2,20,1
ASUS_Z00AD,2662.828603721,-80,-76,-78.09,20,1
ASUS_Z00AD,2663.647141846,-81,-78.7,-77.94,20,1
ASUS_Z00AD,2664.517948356,-76,-76.9,-77.86,20,1
ASUS_Z00AD,2665.631920647,-77,-78.7,-78.15,20,1
ASUS_Z00AD,2665.817851272,-78,-79.5,-78.21,20,1
ASUS_Z00AD,2665.952283199,-78,-80.3,-78.19,20,1
ASUS_Z00AD,2666.473122366,-88,-81.9,-78.02,20,1
ASUS_Z00AD,2667.705976584,-76,-77.4,-78.48,20,1
ASUS_Z00AD,2668.274330594,-77,-76.4,-78.39,20,1
ASUS_Z00AD,2668.367985959,-77,-76.5,-78.42,20,1
ASUS_Z00AD,2668.911484292,-77,-76.4,-78.44,20,1
ASUS_Z00AD,2670.551688145,-76,-76.2,-78.24,20,1
ASUS_Z00AD,2670.89207502,-77,-76.8,-78.11,20,1
ASUS_Z00AD,2671.098941427,-75,-77,-78.03,20,1
ASUS_Z00AD,2672.974795957,-83,-81.5,-78.34,20,1
ASUS_Z00AD,2673.301833717,-84,-82.1,-78.39,20,1
ASUS_Z00AD,2674.086263144,-77,-78.3,-78.63,20,1
ASUS_Z00AD,2679.584736215,-74,-80.5,-78.52,20,1
ASUS_Z00AD,2680.208163142,-74,-80.2,-78.56,20,1
ASUS_Z00AD,2681.40947585,-72,-72.7,-79.07,20,1
ASUS_Z00AD,2682.508606474,-80,-76.2,-79.63,20,1
ASUS_Z00AD,2682.853524964,-76,-78.1,-79.76,20,1
ASUS_Z00AD,2685.385515223,-82,-81.8,-79.74,20,1
ASUS_Z00AD,2685.486661213,-83,-82.4,-79.71,20,1
ASUS_Z00AD,2687.156689337,-84,-80.3,-79.68,20,1
ASUS_Z00AD,2687.903694493,-81,-80.4,-79.33,20,1
ASUS_Z00AD,2688.136662305,-81,-81.3,-79.31,20,1
ASUS_Z00AD,2689.012224441,-84,-83.5,-79.86,20,1
ASUS_Z00AD,2689.669400742,-83,-83.4,-80.58,20,1
ASUS_Z00AD,2690.099661263,-82,-83.5,-80.51,20,1
ASUS_Z00AD,2690.208022253,-82,-83,-80.54,20,1
ASUS_Z00AD,2690.350162825,-81,-82.3,-80.5,20,1
ASUS_Z00AD,2692.296227304,-76,-77.6,-79.83,20,1
ASUS_Z00AD,2692.737291158,-78,-78,-79.76,20,1
ASUS_Z00AD,2693.764635064,-77,-78,-78.92,20,1
ASUS_Z00AD,2693.865345064,-77,-78,-78.82,20,1
ASUS_Z00AD,2694.285632407,-78,-77,-78.64,20,1
ASUS_Z00AD,2694.506486053,-75,-76.2,-78.4,20,1
ASUS_Z00AD,2700.205458915,-80,-77.5,-77.58,20,1
ASUS_Z00AD,2700.320576832,-78,-78.2,-77.47,20,1
ASUS_Z00AD,2700.523442874,-79,-80.3,-77.25,20,1
ASUS_Z00AD,2701.750281727,-78,-82.2,-76.21,20,1
ASUS_Z00AD,2701.967379071,-78,-79.1,-76.08,20,1
ASUS_Z00AD,2702.087134488,-78,-77.9,-76.05,20,1
ASUS_Z00AD,2702.844863289,-74,-75.5,-75.96,20,1
ASUS_Z00AD,2703.60324532,-75,-74.4,-75.88,20,1
ASUS_Z00AD,2704.206340997,-71,-72.3,-75.69,20,1
ASUS_Z00AD,2704.971063132,-71,-70.5,-75.54,20,1
ASUS_Z00AD,2705.448072143,-71,-70,-75.49,20,1
ASUS_Z00AD,2706.084535476,-68,-68.9,-75.84,20,1
ASUS_Z00AD,2706.418556205,-69,-69.1,-75.76,20,1
ASUS_Z00AD,2707.157394069,-70,-71.1,-74.4,20,1
ASUS_Z00AD,2711.418415994,-78,-74.6,-66.67,20,1
ASUS_Z00AD,2712.509580525,-87,-79.5,-65.59,20,1
ASUS_Z00AD,2712.843702348,-83,-78.9,-65.35,20,1
ASUS_Z00AD,2713.085028963,-75,-77.5,-65.12,20,1
ASUS_Z00AD,2713.418183129,-69,-69.9,-64.71,20,1
ASUS_Z00AD,2713.903383546,-49,-57.3,-64.16,20,1
ASUS_Z00AD,2714.772456827,-50,-45.6,-63.09,20,1
N8,2804.507054498,-55,-54.1,-60.88,20,1
N8,2806.386413476,-61,-59,-60.19,20,1
N8,2806.939380078,-56,-58.4,-60.02,20,1
N8,2807.4914643,-53,-57.3,-59.83,20,1
N8,2807.620877486,-55,-57.2,-59.84,20,1
N8,2809.367192413,-57,-58.8,-59.92,20,1
N8,2811.375093146,-55,-59.8,-62.69,20,1
N8,2815.176355585,-64,-71,-67.02,20,1
N8,2815.449573796,-65,-71,-67.23,20,1
N8,2816.520492408,-72,-71.4,-67.53,20,1
N8,2817.475708039,-72,-71.6,-68.01,20,1
N8,2822.235079511,-72,-73.3,-69.74,20,1
N8,2822.271574174,-72,-73,-69.82,20,1
N8,2823.726262765,-74,-71.2,-70.2,20,1
N8,2824.142087839,-61,-71,-70.22,20,1
N8,2824.965086498,-74,-72.4,-70.51,20,1
N8,2826.630551316,-78,-74.3,-70.49,20,1
N8,2826.766403192,-76,-73.6,-70.55,20,1
N8,2829.344230576,-67,-68.1,-70.56,20,1
N8,2830.006845964,-68,-67.1,-70.55,20,1
N8,2830.14914147,-68,-67.4,-70.55,20,1
N8,2830.55655777,-68,-68.2,-70.51,20,1
N8,2832.49873866,-67,-67.3,-70.33,20,1
N8,2834.015065039,-68,-66.1,-70.28,20,1
N8,2835.539613534,-65,-67.8,-69.69,20,1
N8,2837.862513909,-76,-75.8,-68.59,20,1
N8,2842.408948083,-67,-69.9,-67.09,20,1
N8,2843.00169406,-63,-67.5,-67.09,20,1
N8,2844.216451472,-63,-65.8,-67.28,20,1
N8,2845.388696827,-71,-66.4,-67.06,20,1
N8,2846.060826867,-58,-64,-66.93,20,1
N8,2846.348750102,-59,-61.8,-66.91,20,1
N8,2847.420422212,-62,-60.9,-66.48,20,1
N8,2849.172758557,-61,-61.7,-65.56,20,1
N8,2849.713241529,-60,-61.7,-65.4,20,1
N8,2849.871849583,-63,-61,-65.26,20,1
N8,2851.270577344,-67,-66.3,-64.98,20,1
N8,2853.292120962,-67,-68.2,-65.16,20,1
N8,2853.412778547,-64,-67.7,-65.11,20,1
N8,2853.980183046,-64,-64.1,-65.07,20,1
N8,2855.063298004,-64,-63.1,-64.93,20,1
N8,2856.157456581,-63,-62.5,-65.38,20,1
N8,2857.501900399,-61,-63.2,-65.71,20,1
N8,2862.699376873,-67,-69.2,-66.44,20,1
N8,2863.207626648,-74,-69.1,-66.4,20,1
N8,2863.912484945,-67,-68.1,-66.15,20,1
N8,2864.261407892,-64,-65.9,-66.02,20,1
N8,2865.938613684,-72,-67.9,-65.82,20,1
N8,2866.261345717,-73,-67.5,-65.85,20,1
N8,2867.514444727,-58,-67.4,-65.83,20,1
N8,2870.102812339,-65,-67.3,-65.97,20,1
N8,2870.279115645,-67,-68,-66.1,20,1
N8,2873.226013836,-65,-64.5,-65.99,20,1
N8,2873.498864018,-65,-65.1,-65.85,20,1
N8,2874.481595514,-68,-66.9,-65.24,20,1
N8,2874.871843654,-67,-67.1,-65.1,20,1
N8,2876.250866823,-60,-61.9,-64.63,20,1
N8,2876.516130647,-60,-61.5,-64.56,20,1
ASUS_Z00AD,2514.834013882,-65,-65.9,-67.72,40,1
ASUS_Z00AD,2515.803410079,-66,-65.1,-68.34,40,1
ASUS_Z00AD,2516.486574142,-66,-65.6,-68.61,40,1
ASUS_Z00AD,2516.586188308,-65,-65.6,-68.76,40,1
ASUS_Z00AD,2517.356015235,-67,-65.9,-69.34,40,1
ASUS_Z00AD,2522.584808619,-62,-63.8,-70.03,40,1
ASUS_Z00AD,2523.312281795,-67,-63.1,-70.67,40,1
ASUS_Z00AD,2524.287541378,-65,-65.1,-71.8,40,1
ASUS_Z00AD,2524.916361534,-74,-72.9,-71.93,40,1
ASUS_Z00AD,2525.48294117,-79,-79,-72.03,40,1
ASUS_Z00AD,2526.027985076,-75,-80.3,-72.33,40,1
ASUS_Z00AD,2526.227025492,-75,-80.7,-72.47,40,1
ASUS_Z00AD,2526.467378669,-87,-80.7,-72.56,40,1
ASUS_Z00AD,2526.929699711,-80,-80.6,-72.65,40,1
ASUS_Z00AD,2527.44874794,-80,-80,-72.77,40,1
ASUS_Z00AD,2527.678729815,-82,-80.7,-72.92,40,1
ASUS_Z00AD,2528.910126793,-80,-79.8,-73.77,40,1
ASUS_Z00AD,2529.343921428,-74,-77.6,-73.96,40,1
ASUS_Z00AD,2529.448323251,-73,-78.3,-74,40,1
ASUS_Z00AD,2531.954285177,-72,-71.2,-74.33,40,1
ASUS_Z00AD,2532.96941726,-68,-69.6,-73.71,40,1
ASUS_Z00AD,2533.443548302,-66,-69,-73.36,40,1
ASUS_Z00AD,2535.101986895,-73,-72.6,-72.07,40,1
ASUS_Z00AD,2535.864848145,-67,-69.6,-71.25,40,1
ASUS_Z00AD,2536.175716218,-67,-68.8,-70.94,40,1
ASUS_Z00AD,2536.266393353,-67,-69,-70.99,40,1
ASUS_Z00AD,2536.404067624,-69,-69.4,-70.99,40,1
ASUS_Z00AD,2536.499014707,-70,-69.8,-71.01,40,1
ASUS_Z00AD,2536.588218509,-71,-70.1,-71,40,1
ASUS_Z00AD,2543.987539548,-74,-71.7,-71.47,40,1
ASUS_Z00AD,2544.207394808,-71,-70.2,-71.52,40,1
ASUS_Z00AD,2544.425373923,-68,-69.8,-71.54,40,1
ASUS_Z00AD,2545.189478245,-68,-67.9,-72.09,40,1
ASUS_Z00AD,2545.301443089,-68,-68.1,-72.23,40,1
ASUS_Z00AD,2545.39996611,-68,-68.2,-72.4,40,1
ASUS_Z00AD,2545.945252933,-67,-69.5,-72.77,40,1
ASUS_Z00AD,2546.07691788,-67,-70.5,-72.89,40,1
ASUS_Z00AD,2547.28754012,-80,-74.7,-73.47,40,1
ASUS_Z00AD,2547.589909703,-73,-74.7,-73.52,40,1
ASUS_Z00AD,2548.089354755,-75,-74.4,-73.6,40,1
ASUS_Z00AD,2548.482890119,-75,-74.1,-73.59,40,1
ASUS_Z00AD,2548.921588817,-72,-73.6,-73.59,40,1
ASUS_Z00AD,2550.231471473,-72,-72.2,-73.88,40,1
ASUS_Z00AD,2552.107613659,-82,-82.5,-74.76,40,1
ASUS_Z00AD,2553.331544805,-76,-77,-75.18,40,1
ASUS_Z00AD,2555.566911314,-74,-74,-74.9,40,1
ASUS_Z00AD,2556.342341366,-73,-74.1,-74.79,40,1
ASUS_Z00AD,2556.534371835,-80,-73.6,-74.77,40,1
ASUS_Z00AD,2556.748143658,-72,-73.2,-74.75,40,1
ASUS_Z00AD,2557.878068553,-75,-74.4,-74.96,40,1
ASUS_Z00AD,2558.289455272,-76,-75.5,-74.85,40,1
ASUS_Z00AD,2563.341533395,-80,-76.5,-74.38,40,1
ASUS_Z00AD,2564.398417301,-75,-73.7,-74.43,40,1
ASUS_Z00AD,2564.93334605,-72,-73,-74.45,40,1
ASUS_Z00AD,2566.279492248,-72,-71.9,-74.44,40,1
ASUS_Z00AD,2566.412019487,-71,-71.9,-74.46,40,1
ASUS_Z00AD,2567.257732247,-73,-72.5,-74.35,40,1
ASUS_Z00AD,2567.80606907,-72,-71.8,-74.18,40,1
ASUS_Z00AD,2568.047955112,-71,-72.2,-73.98,40,1
ASUS_Z00AD,2568.385099122,-72,-73.1,-73.85,40,1
ASUS_Z00AD,2568.805359434,-77,-73.3,-73.62,40,1
ASUS_Z00AD,2568.90942157,-76,-73.4,-73.54,40,1
ASUS_Z00AD,2569.138564434,-70,-73.8,-73.49,40,1
ASUS_Z00AD,2570.656707975,-74,-78,-72.96,40,1
ASUS_Z00AD,2573.485278391,-66,-72.8,-73.33,40,1
ASUS_Z00AD,2574.266019641,-69,-69.4,-73.81,40,1
ASUS_Z00AD,2574.48742313,-67,-68.6,-73.86,40,1
ASUS_Z00AD,2574.595308286,-66,-68,-73.9,40,1
ASUS_Z00AD,2575.031226984,-66,-65.9,-74.44,40,1
ASUS_Z00AD,2575.150315838,-67,-65.7,-74.54,40,1
ASUS_Z00AD,2576.551963963,-70,-70.5,-75.78,40,1
ASUS_Z00AD,2577.551739118,-72,-71,-76.17,40,1
ASUS_Z00AD,2578.854244587,-76,-74.5,-75.88,40,1
ASUS_Z00AD,2578.97678292,-79,-75.3,-75.88,40,1
ASUS_Z00AD,2583.534324168,-85,-75.9,-75.93,40,1
ASUS_Z00AD,2583.849864012,-73,-76.4,-75.94,40,1
ASUS_Z00AD,2584.486177501,-86,-78.7,-76.03,40,1
ASUS_Z00AD,2585.142990366,-80,-79.8,-75.68,40,1
ASUS_Z00AD,2586.015978178,-94,-81.3,-75.69,40,1
ASUS_Z00AD,2586.48140599,-82,-83.3,-75.71,40,1
ASUS_Z00AD,2586.807711354,-82,-85.8,-75.72,40,1
ASUS_Z00AD,2587.231114896,-95,-87.6,-75.97,40,1
ASUS_Z00AD,2589.627409166,-76,-78.1,-77.4,40,1
ASUS_Z00AD,2589.740420624,-80,-77.8,-77.46,40,1
ASUS_Z00AD,2589.867846614,-78,-77.7,-77.5,40,1
ASUS_Z00AD,2590.083138176,-79,-77.8,-77.75,40,1
ASUS_Z00AD,2590.281288124,-77,-78.2,-78,40,1
ASUS_Z00AD,2592.379566925,-66,-70.4,-78.35,40,1
ASUS_Z00AD,2594.150740987,-67,-68.2,-77.31,40,1
ASUS_Z00AD,2594.25446505,-66,-68,-77.01,40,1
ASUS_Z00AD,2595.788356039,-78,-81.1,-74.2,40,1
ASUS_Z00AD,2596.135157132,-91,-85.2,-73.02,40,1
ASUS_Z00AD,2596.446775361,-91,-83.7,-72.27,40,1
ASUS_Z00AD,2596.665126142,-77,-84,-71.8,40,1
ASUS_Z00AD,2597.337759632,-80,-81,-70.92,40,1
ASUS_Z00AD,2598.208140881,-77,-79.4,-69.09,40,1
ASUS_Z00AD,2599.108990621,-71,-72.6,-67.82,40,1
ASUS_Z00AD,2599.305555048,-68,-71.2,-67.64,40,1
ASUS_Z00AD,2599.550100516,-69,-70.4,-67.41,40,1
ASUS_Z00AD,2604.056634994,-73,-70.7,-66.93,40,1
ASUS_Z00AD,2604.15265989,-76,-69.8,-66.85,40,1
ASUS_Z00AD,2604.3973864,-77,-67.2,-66.7,40,1
ASUS_Z00AD,2604.826231035,-56,-59.5,-66.31,40,1
ASUS_Z00AD,2604.949855098,-56,-57.9,-66.18,40,1
ASUS_Z00AD,2605.051982702,-56,-55.2,-66.02,40,1
N8,2688.321736085,-48,-51.8,-65.37,40,1
N8,2688.868850187,-50,-51.8,-64.99,40,1
N8,2689.277475261,-48,-51.5,-64.4,40,1
N8,2689.56171203,-48,-51.1,-64.11,40,1
N8,2691.672516214,-63,-59.1,-61.55,40,1
N8,2693.308873087,-53,-54.5,-59.44,40,1
N8,2694.973818842,-56,-56.3,-56.84,40,1
N8,2695.095256643,-56,-56.4,-56.65,40,1
N8,2697.007768121,-59,-58.2,-55.44,40,1
N8,2699.691562609,-51,-52.9,-56.19,40,1
N8,2700.369531279,-53,-51.7,-56.39,40,1
N8,2700.822097159,-49,-52,-56.34,40,1
N8,2700.977424768,-53,-52.2,-56.32,40,1
N8,2702.461347854,-53,-52,-56.15,40,1
N8,2702.880736727,-53,-52.6,-56.15,40,1
N8,2703.584881166,-52,-52,-56.05,40,1
N8,2703.817457369,-51,-51.9,-56.03,40,1
N8,2710.189282769,-55,-58.4,-55.89,40,1
N8,2721.570275206,-54,-54.9,-57.82,40,1
N8,2721.84483885,-53,-54.4,-57.69,40,1
N8,2724.631952977,-59,-58.4,-57.2,40,1
N8,2724.69137168,-59,-58.9,-57.22,40,1
N8,2726.03300313,-64,-60.7,-58.05,40,1
N8,2726.237138768,-61,-60.3,-58.14,40,1
N8,2726.541616138,-60,-59.9,-58.22,40,1
N8,2726.977846621,-56,-56.8,-58.6,40,1
N8,2727.943219127,-52,-56.7,-59.3,40,1
N8,2730.286363793,-60,-60.6,-60.1,40,1
N8,2730.42544776,-60,-59.8,-60.17,40,1
N8,2731.564200231,-58,-59.1,-60.92,40,1
N8,2732.64740293,-58,-59.6,-61.7,40,1
N8,2732.791810347,-60,-60.1,-61.77,40,1
N8,2735.503985892,-64,-69.6,-61.74,40,1
N8,2736.057510667,-67,-69.1,-61.74,40,1
N8,2736.738210383,-75,-67.9,-61.81,40,1
N8,2737.426808608,-65,-67.3,-61.85,40,1
N8,2740.854110059,-65,-62.5,-61.98,40,1
N8,2742.478429036,-61,-63.7,-61.87,40,1
N8,2742.919251526,-73,-63.6,-61.79,40,1
N8,2744.587430058,-63,-64.4,-62.25,40,1
N8,2746.647900828,-62,-63.8,-63.19,40,1
N8,2746.656779975,-58,-62.6,-63.26,40,1
N8,2747.585883562,-55,-58.6,-63.3,40,1
N8,2747.820388732,-58,-59,-63.33,40,1
N8,2749.115694521,-64,-59.3,-63.44,40,1
N8,2749.484154511,-60,-59.8,-63.37,40,1
N8,2749.525110942,-61,-60.4,-63.21,40,1
N8,2749.949399093,-60,-60.8,-62.97,40,1
N8,2750.946898931,-62,-60.9,-62.25,40,1
N8,2751.914689418,-61,-59.8,-62.02,40,1
N8,2752.334370166,-58,-58.4,-62.03,40,1
N8,2753.24885183,-59,-58.8,-61.77,40,1
N8,2753.390975497,-60,-58.3,-61.7,40,1
N8,2756.657275456,-65,-65.9,-61.25,40,1
N8,2757.190441565,-61,-61.5,-61.53,40,1
N8,2759.084746697,-54,-56.8,-62.15,40,1
N8,2759.551465306,-51,-54.2,-62.47,40,1
N8,2759.761460211,-51,-53.1,-62.5,40,1
N8,2761.488221844,-80,-61.4,-62.26,40,1
N8,2763.936440501,-53,-60.1,-62.19,40,1
N8,2764.08465174,-51,-59.5,-62.2,40,1
N8,2764.631333931,-63,-57.3,-62.37,40,1
N8,2765.594296929,-56,-59.4,-62.16,40,1
N8,2766.310707679,-62,-61.2,-62.03,40,1
N8,2767.465452614,-72,-64.1,-61.18,40,1
N8,2767.968795201,-58,-64.6,-60.91,40,1
ASUS_Z00AD,2414.303820639,-73,-77,-79.53,60,1
ASUS_Z00AD,2414.846669389,-74,-78.7,-79.59,60,1
ASUS_Z00AD,2419.616664543,-87,-82.3,-79.6,60,1
ASUS_Z00AD,2420.056430012,-80,-83.7,-79.74,60,1
ASUS_Z00AD,2420.270591939,-86,-84.2,-79.67,60,1
ASUS_Z00AD,2421.147785793,-81,-83.3,-79.61,60,1
ASUS_Z00AD,2421.523094647,-90,-83.2,-79.67,60,1
ASUS_Z00AD,2421.827068605,-78,-84.1,-79.58,60,1
ASUS_Z00AD,2422.147697928,-86,-81.7,-79.4,60,1
ASUS_Z00AD,2422.686852563,-73,-78.8,-79.26,60,1
ASUS_Z00AD,2423.018614177,-75,-76.6,-79.21,60,1
ASUS_Z00AD,2424.255773396,-76,-73.5,-78.5,60,1
ASUS_Z00AD,2424.656364437,-73,-73.3,-78.36,60,1
ASUS_Z00AD,2425.003545947,-71,-75.4,-77.89,60,1
ASUS_Z00AD,2425.869562562,-81,-77.8,-77.74,60,1
ASUS_Z00AD,2425.980247249,-82,-78.5,-77.69,60,1
ASUS_Z00AD,2427.069306832,-78,-79.6,-77.56,60,1
ASUS_Z00AD,2427.292635217,-78,-79.4,-77.54,60,1
ASUS_Z00AD,2428.489618654,-84,-79.4,-76.68,60,1
ASUS_Z00AD,2428.931723811,-77,-79,-76.52,60,1
ASUS_Z00AD,2430.865148133,-78,-75,-75.53,60,1
ASUS_Z00AD,2430.965288654,-79,-74.9,-75.53,60,1
ASUS_Z00AD,2432.053481726,-73,-73.2,-75.71,60,1
ASUS_Z00AD,2432.303718653,-74,-73.4,-75.72,60,1
ASUS_Z00AD,2433.155773861,-73,-72.8,-75.91,60,1
ASUS_Z00AD,2433.909908548,-73,-72.8,-75.84,60,1
ASUS_Z00AD,2434.114015996,-73,-73,-75.74,60,1
ASUS_Z00AD,2434.4661311,-73,-74,-75.68,60,1
ASUS_Z00AD,2434.697239381,-74,-75,-75.56,60,1
ASUS_Z00AD,2435.018016777,-76,-75.3,-75.46,60,1
ASUS_Z00AD,2439.760250838,-76,-76.9,-75.21,60,1
ASUS_Z00AD,2440.31869141,-78,-75.6,-75.07,60,1
ASUS_Z00AD,2440.987997764,-75,-75.2,-75.07,60,1
ASUS_Z00AD,2441.842561514,-76,-75.3,-75.28,60,1
ASUS_Z00AD,2441.927664535,-75,-75.4,-75.28,60,1
ASUS_Z00AD,2442.39519318,-76,-75.7,-75.15,60,1
ASUS_Z00AD,2443.222489638,-77,-76,-75.22,60,1
ASUS_Z00AD,2443.753465888,-77,-79.3,-75.18,60,1
ASUS_Z00AD,2444.745742242,-74,-77.7,-75.13,60,1
ASUS_Z00AD,2445.090751877,-76,-74.5,-75.18,60,1
ASUS_Z00AD,2445.848815783,-77,-73.6,-75.27,60,1
ASUS_Z00AD,2446.523909793,-78,-74,-75.07,60,1
ASUS_Z00AD,2446.946059481,-70,-75.4,-74.97,60,1
ASUS_Z00AD,2447.027253387,-71,-75.2,-74.93,60,1
ASUS_Z00AD,2447.157235002,-77,-75.8,-74.94,60,1
ASUS_Z00AD,2447.470774481,-74,-76.2,-75.03,60,1
ASUS_Z00AD,2447.688264428,-82,-76.9,-75.18,60,1
ASUS_Z00AD,2448.883597345,-75,-74.8,-75.62,60,1
ASUS_Z00AD,2449.000862032,-76,-74.7,-75.65,60,1
ASUS_Z00AD,2450.327574427,-76,-72.4,-75.59,60,1
ASUS_Z00AD,2451.416731094,-71,-72.8,-75.63,60,1
ASUS_Z00AD,2451.82801875,-76,-73.1,-75.66,60,1
ASUS_Z00AD,2451.930798698,-75,-73.5,-75.72,60,1
ASUS_Z00AD,2452.827085676,-74,-74.6,-76.05,60,1
ASUS_Z00AD,2453.332925312,-73,-73.7,-76.39,60,1
ASUS_Z00AD,2453.655872551,-73,-73.5,-76.6,60,1
ASUS_Z00AD,2453.75507177,-73,-73.7,-76.64,60,1
ASUS_Z00AD,2455.320614321,-82,-81.6,-77.2,60,1
ASUS_Z00AD,2460.505610413,-76,-76.6,-77.29,60,1
ASUS_Z00AD,2461.555250465,-76,-76.2,-77.31,60,1
ASUS_Z00AD,2462.776215152,-80,-80.5,-77.8,60,1
ASUS_Z00AD,2463.946387339,-81,-81.5,-78.44,60,1
ASUS_Z00AD,2464.178270308,-76,-79.9,-78.69,60,1
ASUS_Z00AD,2464.271757964,-77,-80.2,-78.9,60,1
ASUS_Z00AD,2464.94737812,-81,-80,-79.78,60,1
ASUS_Z00AD,2465.049756297,-81,-80.3,-79.92,60,1
ASUS_Z00AD,2466.809163171,-80,-79.9,-81.18,60,1
ASUS_Z00AD,2466.9275714,-87,-79.7,-81.22,60,1
ASUS_Z00AD,2467.273300723,-79,-79.5,-81.22,60,1
ASUS_Z00AD,2467.942784837,-77,-77,-81.34,60,1
ASUS_Z00AD,2469.277624003,-76,-79.1,-81.57,60,1
ASUS_Z00AD,2469.338304993,-81,-80.3,-81.62,60,1
ASUS_Z00AD,2471.112188742,-96,-88.9,-81.46,60,1
ASUS_Z00AD,2475.05654046,-82,-83.7,-80.34,60,1
ASUS_Z00AD,2475.75470098,-84,-83.9,-80.13,60,1
ASUS_Z00AD,2480.591799155,-83,-83.3,-79.91,60,1
ASUS_Z00AD,2480.933773009,-83,-80.1,-79.61,60,1
ASUS_Z00AD,2482.025225353,-81,-80.4,-78.72,60,1
ASUS_Z00AD,2482.567660821,-90,-81,-77.98,60,1
ASUS_Z00AD,2483.13447905,-77,-80.1,-77.42,60,1
ASUS_Z00AD,2484.094256133,-77,-81.9,-76.16,60,1
ASUS_Z00AD,2484.195792904,-80,-81.5,-75.94,60,1
ASUS_Z00AD,2484.545278008,-79,-79.8,-75.36,60,1
ASUS_Z00AD,2484.748223581,-78,-78.2,-74.96,60,1
ASUS_Z00AD,2485.196900195,-75,-74.7,-74.81,60,1
ASUS_Z00AD,2485.424520351,-70,-72.5,-74.61,60,1
ASUS_Z00AD,2485.86559608,-68,-70.1,-74.04,60,1
ASUS_Z00AD,2486.749924413,-70,-68.9,-73.54,60,1
ASUS_Z00AD,2487.077462382,-69,-68.9,-73.21,60,1
N8,2587.122685888,-56,-63.7,-70.23,60,1
N8,2591.768116121,-64,-65.6,-69.55,60,1
N8,2592.447978973,-71,-71.1,-68.64,60,1
N8,2593.792788032,-69,-70.3,-68.15,60,1
N8,2593.933911386,-70,-69.4,-67.99,60,1
N8,2595.0312106,-77,-70.8,-67.14,60,1
N8,2595.687775988,-65,-69.3,-66.46,60,1
N8,2596.104850522,-65,-66.5,-66.3,60,1
N8,2597.469737886,-64,-62.6,-66.17,60,1
N8,2597.718481854,-63,-62.1,-66.02,60,1
N8,2601.690604787,-55,-61.8,-66.05,60,1
N8,2603.345202261,-59,-61.3,-65.91,60,1
N8,2604.821440659,-68,-64.6,-65.67,60,1
N8,2607.188415638,-73,-68.3,-64.36,60,1
N8,2614.537793724,-64,-66,-63.41,60,1
N8,2615.068160001,-60,-64.6,-63.52,60,1
N8,2615.211335495,-60,-64.3,-63.5,60,1
N8,2617.267917178,-60,-61,-63.68,60,1
N8,2617.511637083,-57,-60.1,-63.71,60,1
N8,2617.774284416,-59,-59.6,-63.69,60,1
N8,2620.89805113,-63,-61.5,-63.55,60,1
N8,2621.766653539,-60,-60.3,-63.25,60,1
N8,2622.074356294,-55,-59.9,-63.01,60,1
N8,2624.435073267,-61,-64,-62.55,60,1
N8,2625.080497718,-71,-66.9,-61.98,60,1
N8,2625.347220436,-68,-67,-61.84,60,1
N8,2625.760937915,-61,-66.6,-61.78,60,1
N8,2626.187267425,-65,-65.8,-61.71,60,1
N8,2626.434313844,-64,-63.8,-61.6,60,1
N8,2627.525338779,-62,-64.2,-61.71,60,1
N8,2632.087111799,-59,-58.5,-62.81,60,1
N8,2634.017120525,-61,-63.1,-62.87,60,1
N8,2634.283960455,-61,-60.7,-62.89,60,1
N8,2634.687932801,-63,-60.4,-62.95,60,1
N8,2637.150594234,-58,-58.5,-63.02,60,1
N8,2640.732105013,-73,-71.6,-63.04,60,1
N8,2643.579911281,-60,-60.2,-64.45,60,1
N8,2643.812979828,-61,-60.2,-64.6,60,1
N8,2644.049108699,-63,-59.5,-64.78,60,1
N8,2647.077804571,-61,-63.3,-65.54,60,1
N8,2650.057237738,-66,-67.2,-65.98,60,1
N8,2652.157476117,-64,-63.9,-66.87,60,1
N8,2654.038311729,-66,-68.2,-66.77,60,1
N8,2654.591346648,-74,-70.8,-66.56,60,1
ASUS_Z00AD,2293.701459331,-76,-77.5,-80.31,80,1
ASUS_Z00AD,2293.801424695,-76,-76.9,-80.4,80,1
ASUS_Z00AD,2294.945675268,-80,-79.1,-80.2,80,1
ASUS_Z00AD,2299.554082766,-77,-85.4,-79.98,80,1
ASUS_Z00AD,2299.875338339,-100,-86.7,-80.31,80,1
ASUS_Z00AD,2300.645294953,-85,-84.1,-80.01,80,1
ASUS_Z00AD,2301.396696984,-77,-77.7,-80.42,80,1
ASUS_Z00AD,2301.613596307,-77,-76.6,-80.61,80,1
ASUS_Z00AD,2302.264912401,-76,-77,-80.94,80,1
ASUS_Z00AD,2303.354979119,-84,-80,-80.78,80,1
ASUS_Z00AD,2304.236520733,-79,-82,-80.36,80,1
ASUS_Z00AD,2304.324640056,-78,-81.6,-80.25,80,1
ASUS_Z00AD,2305.52449141,-76,-78.6,-79.84,80,1
ASUS_Z00AD,2306.074960941,-74,-78.4,-79.84,80,1
ASUS_Z00AD,2306.408981357,-76,-77.7,-79.97,80,1
ASUS_Z00AD,2306.713908128,-78,-79,-80.09,80,1
ASUS_Z00AD,2306.964322034,-82,-81,-80.14,80,1
ASUS_Z00AD,2307.481289742,-94,-85.5,-80.01,80,1
ASUS_Z00AD,2308.363737138,-74,-79.3,-79.97,80,1
ASUS_Z00AD,2309.491184273,-91,-80.7,-80.41,80,1
ASUS_Z00AD,2309.915076408,-77,-78.2,-80.53,80,1
ASUS_Z00AD,2310.904508387,-76,-74.3,-80.11,80,1
ASUS_Z00AD,2311.749659064,-76,-74.7,-79.74,80,1
ASUS_Z00AD,2311.878826876,-76,-75,-79.57,80,1
ASUS_Z00AD,2311.965430886,-76,-75.3,-79.57,80,1
ASUS_Z00AD,2312.42386672,-75,-77.4,-79.38,80,1
ASUS_Z00AD,2312.649033751,-77,-79.5,-79.48,80,1
ASUS_Z00AD,2313.404402813,-82,-82,-79.64,80,1
ASUS_Z00AD,2313.626095521,-81,-82.3,-79.74,80,1
ASUS_Z00AD,2314.655351615,-97,-87.4,-79.45,80,1
ASUS_Z00AD,2314.756685521,-91,-88.4,-79.4,80,1
ASUS_Z00AD,2314.857462969,-82,-89.1,-79.51,80,1
ASUS_Z00AD,2319.766612342,-77,-81.7,-80.1,80,1
ASUS_Z00AD,2320.088556352,-80,-78,-80.15,80,1
ASUS_Z00AD,2320.552294373,-77,-76.8,-80.33,80,1
ASUS_Z00AD,2321.093444373,-73,-74.4,-80.63,80,1
ASUS_Z00AD,2321.868723383,-76,-75.5,-80.87,80,1
ASUS_Z00AD,2323.711720986,-87,-83.5,-81.41,80,1
ASUS_Z00AD,2325.120441923,-85,-83.9,-81.04,80,1
ASUS_Z00AD,2326.016516975,-83,-86.7,-80.36,80,1
ASUS_Z00AD,2326.093699266,-85,-85.1,-80.42,80,1
ASUS_Z00AD,2326.540150933,-83,-83.6,-80.45,80,1
ASUS_Z00AD,2326.635982756,-81,-83.1,-80.42,80,1
ASUS_Z00AD,2328.218875568,-75,-79.8,-80.72,80,1
ASUS_Z00AD,2328.447308328,-74,-79.6,-80.76,80,1
ASUS_Z00AD,2328.890312703,-78,-80.5,-80.92,80,1
ASUS_Z00AD,2329.835157546,-82,-83.2,-81.17,80,1
ASUS_Z00AD,2329.9517214,-85,-82.4,-81.13,80,1
ASUS_Z00AD,2331.180858587,-87,-80.8,-80.91,80,1
ASUS_Z00AD,2332.486364472,-78,-78.1,-80.38,80,1
ASUS_Z00AD,2332.931607701,-78,-79.2,-80.05,80,1
ASUS_Z00AD,2333.574160826,-78,-78.2,-79.95,80,1
ASUS_Z00AD,2334.171029211,-80,-77.9,-79.8,80,1
ASUS_Z00AD,2335.817975252,-76,-81.4,-79.63,80,1
ASUS_Z00AD,2340.636207646,-80,-83.6,-79.65,80,1
ASUS_Z00AD,2340.760858271,-94,-83.2,-79.61,80,1
ASUS_Z00AD,2341.628869104,-82,-80.7,-79.65,80,1
ASUS_Z00AD,2341.853848271,-92,-79.9,-79.67,80,1
ASUS_Z00AD,2342.268922177,-77,-79.8,-79.82,80,1
ASUS_Z00AD,2342.495290198,-78,-79.3,-79.87,80,1
ASUS_Z00AD,2343.47235676,-86,-78.7,-79.91,80,1
ASUS_Z00AD,2343.559878843,-84,-78.9,-79.98,80,1
ASUS_Z00AD,2343.706783166,-80,-79.3,-79.96,80,1
ASUS_Z00AD,2344.482858947,-80,-79,-80.04,80,1
ASUS_Z00AD,2344.586391551,-80,-79.9,-80.02,80,1
ASUS_Z00AD,2344.885521863,-82,-79.7,-80.02,80,1
ASUS_Z00AD,2346.660737488,-87,-80.8,-79.57,80,1
ASUS_Z00AD,2347.213563165,-80,-82.6,-79.71,80,1
ASUS_Z00AD,2347.427223529,-83,-82.3,-79.55,80,1
ASUS_Z00AD,2347.843403737,-82,-81.8,-79.22,80,1
ASUS_Z00AD,2347.952755977,-81,-82.1,-79.21,80,1
ASUS_Z00AD,2348.531055768,-83,-80.6,-79.17,80,1
ASUS_Z00AD,2349.291821445,-76,-79.3,-79.27,80,1
ASUS_Z00AD,2349.37103358,-76,-79.2,-79.32,80,1
ASUS_Z00AD,2350.036421914,-79,-79.6,-79.38,80,1
ASUS_Z00AD,2350.509395143,-81,-79.7,-79.53,80,1
ASUS_Z00AD,2350.929995299,-77,-78.6,-79.76,80,1
ASUS_Z00AD,2351.355183892,-79,-78.3,-79.9,80,1
ASUS_Z00AD,2352.246381236,-84,-77.7,-80.11,80,1
ASUS_Z00AD,2354.110581079,-76,-76.9,-80.35,80,1
ASUS_Z00AD,2354.360118006,-75,-77.8,-80.31,80,1
ASUS_Z00AD,2354.77813587,-84,-78.7,-80.13,80,1
ASUS_Z00AD,2354.867286495,-80,-79.3,-80.06,80,1
ASUS_Z00AD,2355.45714962,-81,-80.5,-79.94,80,1
ASUS_Z00AD,2361.385380503,-85,-84.5,-79.55,80,1
ASUS_Z00AD,2362.702794617,-81,-81.6,-79.42,80,1
ASUS_Z00AD,2363.573927898,-84,-82.5,-80.22,80,1
ASUS_Z00AD,2364.12992946,-82,-83.2,-80.33,80,1
ASUS_Z00AD,2364.881806283,-76,-79.2,-80.64,80,1
ASUS_Z00AD,2365.092375085,-76,-78.1,-80.85,80,1
ASUS_Z00AD,2365.450674668,-76,-77.3,-80.99,80,1
ASUS_Z00AD,2365.775022793,-80,-78.1,-81.13,80,1
ASUS_Z00AD,2365.983370241,-79,-78.1,-81.12,80,1
ASUS_Z00AD,2366.646105188,-76,-76.8,-81.14,80,1
ASUS_Z00AD,2369.049468573,-88,-84.6,-80.95,80,1
ASUS_Z00AD,2369.35631701,-92,-86.8,-80.76,80,1
ASUS_Z00AD,2370.476097114,-81,-81.9,-79.67,80,1
ASUS_Z00AD,2370.686432895,-83,-82.9,-78.98,80,1
ASUS_Z00AD,2370.997138364,-86,-84.1,-78.37,80,1
ASUS_Z00AD,2371.222132062,-86,-84.7,-78.17,80,1
ASUS_Z00AD,2371.454560655,-87,-84.8,-77.74,80,1
ASUS_Z00AD,2372.124447478,-80,-81.4,-76.33,80,1
ASUS_Z00AD,2372.451339874,-80,-81.1,-75.77,80,1
ASUS_Z00AD,2374.168478363,-76,-80.2,-73.18,80,1
ASUS_Z00AD,2375.151657321,-94,-78.6,-71.9,80,1
ASUS_Z00AD,2375.490419925,-73,-77.8,-71.34,80,1
ASUS_Z00AD,2376.015177633,-76,-74.8,-70.33,80,1
ASUS_Z00AD,2376.467843414,-75,-71.7,-69.65,80,1
N8,2470.550885789,-52,-53,-65.87,80,1
N8,2470.685504865,-51,-52.9,-65.72,80,1
N8,2471.104112632,-50,-53.8,-65.5,80,1
N8,2471.776468309,-59,-55.2,-65.04,80,1
N8,2472.047528347,-58,-55.8,-64.82,80,1
N8,2472.207904285,-58,-56.5,-64.64,80,1
N8,2472.481566354,-57,-57.1,-64.26,80,1
N8,2473.558414281,-56,-56.9,-63.48,80,1
N8,2473.826313442,-56,-56.9,-63.34,80,1
N8,2474.109552782,-57,-57.3,-63.21,80,1
N8,2474.239454646,-58,-57.7,-63.1,80,1
N8,2475.988503948,-62,-64.4,-61.95,80,1
N8,2476.664195803,-60,-62.5,-61.58,80,1
N8,2476.803629542,-60,-62.1,-61.48,80,1
N8,2477.088916274,-58,-61.5,-61.33,80,1
N8,2477.218562152,-59,-60.8,-61.35,80,1
N8,2477.350486985,-58,-60.4,-61.27,80,1
N8,2478.192616257,-63,-61.5,-61.41,80,1
N8,2478.740414349,-62,-62.3,-61.76,80,1
N8,2479.317657321,-61,-63.1,-62.17,80,1
N8,2479.418160567,-64,-63.2,-62.26,80,1
N8,2480.124520535,-64,-63.7,-62.65,80,1
N8,2480.66699775,-65,-64.9,-63.18,80,1
N8,2481.064636094,-64,-65.8,-63.63,80,1
N8,2482.527442714,-68,-66.7,-64.24,80,1
N8,2485.148620927,-72,-66.3,-65.36,80,1
N8,2487.154018836,-76,-65.8,-64.84,80,1
N8,2490.000200259,-71,-68.2,-65.11,80,1
N8,2494.858505205,-70,-67.2,-64.47,80,1
N8,2495.122243728,-78,-67.1,-64.43,80,1
N8,2495.524371351,-61,-66.9,-64.19,80,1
N8,2495.802805126,-64,-65.7,-64.18,80,1
N8,2496.479149698,-61,-63.4,-64.12,80,1
N8,2497.182664414,-60,-62.5,-64.15,80,1
N8,2497.318475773,-58,-62.2,-64.06,80,1
N8,2502.07202579,-75,-67.8,-64.49,80,1
N8,2504.706068498,-58,-59,-64.84,80,1
N8,2505.418448382,-56,-59.4,-64.62,80,1
N8,2505.645982146,-62,-59.1,-64.61,80,1
N8,2506.370974974,-58,-62.4,-65.05,80,1
N8,2507.660661509,-62,-65.2,-65.23,80,1
N8,2508.346653472,-70,-67.8,-65.79,80,1
N8,2511.756922664,-65,-67.2,-66.65,80,1
N8,2513.054744354,-70,-67.3,-66.96,80,1
N8,2513.99106561,-68,-69.6,-67.55,80,1
N8,2514.269597739,-67,-68.9,-67.71,80,1
N8,2516.324487703,-61,-68.3,-68.12,80,1
N8,2517.857069732,-68,-67.7,-68.36,80,1
N8,2518.091268856,-61,-68.4,-68.32,80,1
N8,2521.6499277,-62,-66.5,-67.77,80,1
N8,2522.199739638,-74,-69.5,-67.6,80,1
N8,2523.73851109,-67,-69.3,-67.8,80,1
N8,2524.481125818,-61,-69.4,-67.6,80,1
N8,2525.668851919,-69,-67.5,-67.1,80,1
N8,2526.875737684,-58,-64.3,-66.48,80,1
N8,2526.87868778,-58,-62.7,-66.43,80,1
N8,2528.846432756,-60,-66.9,-66.29,80,1
N8,2531.846301079,-66,-66.5,-65.88,80,1
N8,2532.132609098,-64,-64.4,-65.65,80,1
N8,2533.024681579,-60,-64.2,-65.74,80,1
N8,2533.956561549,-71,-66.4,-65.52,80,1
N8,2534.492948704,-61,-66.6,-65.18,80,1
N8,2537.052784525,-63,-60.6,-65.03,80,1
N8,2537.603261884,-63,-63.7,-65.28,80,1
N8,2537.730924409,-65,-63.8,-65.43,80,1
N8,2539.574618663,-70,-65.7,-65.42,80,1
N8,2540.196655782,-61,-66.7,-65.18,80,1
N8,2541.700381128,-66,-65.3,-65.15,80,1
N8,2542.387712093,-63,-63.9,-65.1,80,1
N8,2542.653218081,-62,-63.4,-65.14,80,1
N8,2542.818613358,-62,-63.3,-65.07,80,1
N8,2543.380668025,-63,-62.9,-64.95,80,1
N8,2546.109482404,-63,-70.8,-64.85,80,1
N8,2546.171060482,-63,-72.2,-64.93,80,1
N8,2546.576488874,-75,-69.9,-65.13,80,1
N8,2549.543085286,-62,-65,-65.43,80,1
ASUS_Z00AD,2192.055938901,-82,-78.5,-75.61,100,1
ASUS_Z00AD,2193.020863484,-79,-78.1,-74.54,100,1
ASUS_Z00AD,2193.924594994,-75,-75.6,-73.07,100,1
ASUS_Z00AD,2194.584411504,-82,-77.7,-72.61,100,1
ASUS_Z00AD,2194.804723171,-79,-77.5,-72.58,100,1
ASUS_Z00AD,2195.69131817,-74,-77.8,-72.36,100,1
ASUS_Z00AD,2196.311491347,-85,-80.7,-72.17,100,1
ASUS_Z00AD,2197.086401764,-69,-73.7,-72.27,100,1
ASUS_Z00AD,2198.500340305,-72,-71.8,-71.88,100,1
ASUS_Z00AD,2198.7234602,-69,-70,-71.77,100,1
ASUS_Z00AD,2198.943270513,-63,-67.6,-71.94,100,1
ASUS_Z00AD,2199.949422752,-64,-65.3,-71.84,100,1
ASUS_Z00AD,2200.159583481,-66,-66,-71.81,100,1
ASUS_Z00AD,2200.947298585,-66,-65.7,-71.93,100,1
ASUS_Z00AD,2202.02098572,-63,-63.3,-72.31,100,1
ASUS_Z00AD,2202.118570928,-63,-64.1,-72.29,100,1
ASUS_Z00AD,2204.088066657,-73,-71.2,-72.9,100,1
ASUS_Z00AD,2204.534959417,-79,-75.7,-73.16,100,1
ASUS_Z00AD,2206.449075302,-77,-75.5,-74.58,100,1
ASUS_Z00AD,2213.722886497,-81,-79.6,-77.44,100,1
ASUS_Z00AD,2214.113230507,-83,-82.7,-77.6,100,1
ASUS_Z00AD,2214.545028267,-80,-82.6,-77.82,100,1
ASUS_Z00AD,2215.091344725,-80,-81.3,-78.38,100,1
ASUS_Z00AD,2215.302375611,-81,-79.6,-78.72,100,1
ASUS_Z00AD,2216.160889465,-76,-77,-79.38,100,1
ASUS_Z00AD,2217.04211811,-76,-76.1,-79.2,100,1
ASUS_Z00AD,2217.16546561,-74,-75.7,-79.18,100,1
ASUS_Z00AD,2218.035912016,-73,-73.1,-79.03,100,1
ASUS_Z00AD,2218.806478526,-87,-78.8,-78.81,100,1
ASUS_Z00AD,2219.035839151,-82,-79.8,-78.66,100,1
ASUS_Z00AD,2220.533889463,-73,-78.9,-77.85,100,1
ASUS_Z00AD,2221.44136514,-82,-84.1,-77.6,100,1
ASUS_Z00AD,2221.52731139,-88,-85,-77.6,100,1
ASUS_Z00AD,2221.763968317,-92,-85.5,-77.6,100,1
ASUS_Z00AD,2223.874856545,-78,-76.9,-77.38,100,1
ASUS_Z00AD,2224.10649118,-73,-75.3,-77.48,100,1
ASUS_Z00AD,2224.970813263,-75,-74.2,-77.58,100,1
ASUS_Z00AD,2225.285889565,-76,-74.8,-77.74,100,1
ASUS_Z00AD,2225.967697117,-75,-75.4,-78.26,100,1
ASUS_Z00AD,2226.055066075,-75,-75.4,-78.24,100,1
ASUS_Z00AD,2226.14887545,-75,-75.3,-78.27,100,1
ASUS_Z00AD,2226.379119357,-76,-75.1,-78.37,100,1
ASUS_Z00AD,2226.912879252,-74,-72.7,-78.49,100,1
ASUS_Z00AD,2232.284909302,-77,-76.5,-78.85,100,1
ASUS_Z00AD,2232.511906281,-77,-79.8,-78.8,100,1
ASUS_Z00AD,2233.282484041,-67,-75.3,-77.61,100,1
ASUS_Z00AD,2233.71692352,-67,-74.7,-77.13,100,1
ASUS_Z00AD,2233.990214041,-75,-74.2,-76.83,100,1
ASUS_Z00AD,2236.839234196,-86,-83.8,-77.13,100,1
ASUS_Z00AD,2238.946288466,-78,-79.7,-78.67,100,1
ASUS_Z00AD,2239.824313466,-73,-73.8,-78.8,100,1
ASUS_Z00AD,2240.265825549,-66,-68.7,-78.73,100,1
ASUS_Z00AD,2240.482545862,-66,-67.1,-78.56,100,1
ASUS_Z00AD,2242.115761382,-80,-80.8,-78.19,100,1
ASUS_Z00AD,2242.34620659,-76,-79.9,-78.23,100,1
ASUS_Z00AD,2242.45153659,-76,-77.9,-78.31,100,1
ASUS_Z00AD,2242.571073517,-74,-76,-78.4,100,1
ASUS_Z00AD,2243.933825652,-79,-80.9,-78.78,100,1
ASUS_Z00AD,2244.232183829,-87,-82.5,-78.75,100,1
ASUS_Z00AD,2245.796081589,-90,-82.3,-77.11,100,1
ASUS_Z00AD,2245.918874245,-95,-82,-77.2,100,1
ASUS_Z00AD,2246.776715234,-83,-80.1,-77.62,100,1
ASUS_Z00AD,2247.436714661,-73,-78.8,-78,100,1
ASUS_Z00AD,2252.47432643,-69,-72.3,-78.42,100,1
ASUS_Z00AD,2253.36531143,-75,-77.1,-78.51,100,1
ASUS_Z00AD,2253.788125336,-84,-84.7,-78.63,100,1
ASUS_Z00AD,2253.920287367,-95,-85.5,-78.58,100,1
ASUS_Z00AD,2254.351205908,-83,-85,-78.3,100,1
ASUS_Z00AD,2254.478841117,-84,-84.3,-78.22,100,1
ASUS_Z00AD,2255.243902835,-68,-72.4,-77.08,100,1
ASUS_Z00AD,2255.459550543,-66,-70.8,-76.58,100,1
ASUS_Z00AD,2256.04773596,-73,-76.3,-75.98,100,1
ASUS_Z00AD,2256.873121689,-88,-84.4,-75.08,100,1
ASUS_Z00AD,2257.073669032,-89,-85.1,-74.91,100,1
ASUS_Z00AD,2257.409928251,-83,-81.5,-74.7,100,1
ASUS_Z00AD,2257.737014709,-88,-79.8,-74.49,100,1
ASUS_Z00AD,2258.820344969,-68,-73.1,-74.12,100,1
ASUS_Z00AD,2258.95097075,-71,-72.8,-74.04,100,1
ASUS_Z00AD,2259.158241479,-75,-74.7,-74.13,100,1
ASUS_Z00AD,2259.828481479,-88,-80.5,-74.31,100,1
ASUS_Z00AD,2260.340469239,-85,-80.7,-74.13,100,1
ASUS_Z00AD,2261.2139295,-65,-70.7,-73.21,100,1
ASUS_Z00AD,2261.334282104,-64,-68.8,-72.99,100,1
ASUS_Z00AD,2262.218414655,-65,-63.9,-71.64,100,1
ASUS_Z00AD,2262.893754811,-64,-64.7,-70.77,100,1
ASUS_Z00AD,2263.105501113,-66,-65.6,-70.62,100,1
ASUS_Z00AD,2263.213115905,-66,-66.2,-70.5,100,1
ASUS_Z00AD,2263.319378353,-65,-66.6,-70.45,100,1
ASUS_Z00AD,2263.453985228,-71,-67.3,-70.38,100,1
ASUS_Z00AD,2263.65365554,-69,-68.1,-70.01,100,1
ASUS_Z00AD,2264.404445227,-72,-68.5,-67.99,100,1
ASUS_Z00AD,2264.711415696,-69,-68.7,-67.47,100,1
ASUS_Z00AD,2264.989017623,-66,-68.9,-67.18,100,1
ASUS_Z00AD,2265.15977205,-69,-69.8,-66.67,100,1
ASUS_Z00AD,2266.248285123,-66,-72.5,-65.36,100,1
ASUS_Z00AD,2267.225753768,-63,-63.3,-64.28,100,1
ASUS_Z00AD,2267.376193508,-63,-63.4,-64.16,100,1
N8,2361.753640546,-57,-59.8,-64.02,100,1
N8,2363.175162862,-61,-57.2,-63.02,100,1
N8,2364.523907751,-55,-56.1,-61.29,100,1
N8,2364.670151778,-55,-56.1,-61.12,100,1
N8,2365.905400379,-55,-56.1,-59.97,100,1
N8,2366.849262284,-59,-59.8,-58.92,100,1
N8,2367.11997618,-63,-62,-58.37,100,1
N8,2368.504086909,-71,-69.2,-57.35,100,1
N8,2368.649107127,-81,-68.7,-57.35,100,1
N8,2370.401974385,-68,-62,-57.47,100,1
N8,2370.949166167,-64,-59.4,-57.51,100,1
N8,2371.653604008,-52,-58.8,-57.55,100,1
N8,2373.020529533,-50,-49.8,-58.02,100,1
N8,2373.139303524,-48,-49.4,-58.12,100,1
N8,2374.809645313,-50,-50.8,-58.41,100,1
N8,2375.763500067,-54,-51.3,-58.39,100,1
N8,2375.974645693,-52,-50.9,-58.33,100,1
N8,2376.943383403,-55,-51.8,-58.01,100,1
N8,2378.048192316,-50,-54.3,-57.18,100,1
N8,2379.126151121,-74,-62.4,-55.84,100,1
N8,2379.287431699,-65,-64.1,-55.55,100,1
N8,2379.526623455,-63,-65.3,-55.27,100,1
N8,2380.089753879,-67,-64.8,-54.85,100,1
N8,2382.382951453,-62,-65,-55.27,100,1
N8,2384.347619085,-58,-60.7,-55.85,100,1
N8,2384.751789677,-57,-60.5,-56.02,100,1
N8,2385.95608305,-61,-56.4,-56.71,100,1
N8,2386.392038846,-52,-54.9,-56.97,100,1
N8,2388.420808017,-51,-50.2,-58.51,100,1
N8,2389.524159718,-48,-48.3,-59.89,100,1
N8,2389.689393565,-48,-48.4,-59.89,100,1
N8,2391.843785213,-63,-59,-60.14,100,1
N8,2392.809441757,-65,-63.1,-60.11,100,1
N8,2393.353336905,-64,-60.6,-60.24,100,1
N8,2393.537279238,-60,-60.2,-60.17,100,1
N8,2394.067148315,-59,-61.7,-60.34,100,1
N8,2394.571022597,-66,-62.2,-60.56,100,1
N8,2395.289734008,-60,-63.5,-60.55,100,1
N8,2396.673863235,-64,-67.6,-61.46,100,1
N8,2396.911635929,-65,-70,-61.6,100,1
N8,2397.14500474,-76,-70.3,-61.7,100,1
N8,2398.634782742,-63,-64.6,-63.69,100,1
N8,2399.043519163,-66,-65.6,-64.13,100,1
N8,2399.192185618,-67,-66.3,-64.37,100,1
N8,2399.620771727,-70,-67.8,-64.76,100,1
N8,2400.145635312,-69,-67.4,-65.44,100,1
N8,2400.280836478,-72,-68.1,-65.6,100,1
N8,2402.339132236,-65,-66.9,-66.03,100,1
N8,2405.400698781,-58,-59.6,-67.13,100,1
N8,2405.522063205,-58,-60.5,-67.05,100,1
N8,2406.20841119,-71,-63.8,-66.66,100,1
N8,2407.456423553,-64,-65.4,-65.98,100,1
N8,2410.203655734,-70,-72.5,-65.39,100,1
N8,2410.65139945,-71,-71,-65.45,100,1
N8,2411.049184176,-69,-70.1,-65.1,100,1
N8,2413.593511872,-71,-72,-64.48,100,1
N8,2414.912927505,-68,-70.4,-64.7,100,1
N8,2416.024705493,-64,-65.2,-65.32,100,1
N8,2418.134722609,-55,-54.1,-65.22,100,1
N8,2422.644609115,-58,-60,-63.09,100,1
N8,2422.735715161,-58,-60.9,-63.01,100,1
N8,2422.997392975,-60,-63.5,-62.84,100,1
N8,2423.542893531,-64,-62.6,-62.58,100,1
N8,2423.958726767,-64,-66,-62.37,100,1
N8,2424.342311637,-69,-68.7,-62.03,100,1
N8,2426.115231997,-63,-67.4,-61.2,100,1
N8,2427.069644923,-61,-60.5,-61.3,100,1
N8,2429.778621646,-63,-60.7,-62.81,100,1
N8,2431.140909984,-60,-60.1,-62.47,100,1
N8,2431.973966191,-62,-60.3,-62.49,100,1
N8,2434.552521267,-57,-58.7,-62.66,100,1
N8,2435.204756571,-56,-59.4,-62.15,100,1
N8,2435.653559927,-66,-60.9,-61.98,100,1
ASUS_Z00AD,2100.02773503,-71,-72.9,-75.86,120,1
ASUS_Z00AD,2100.164063884,-70,-72,-75.82,120,1
ASUS_Z00AD,2100.483523884,-68,-69.4,-75.55,120,1
ASUS_Z00AD,2101.878561123,-78,-77.4,-75.22,120,1
ASUS_Z00AD,2102.523469508,-83,-83.1,-75.54,120,1
ASUS_Z00AD,2102.632040498,-88,-84,-75.57,120,1
ASUS_Z00AD,2102.86492857,-87,-83.7,-75.67,120,1
ASUS_Z00AD,2104.857732268,-82,-82,-77.11,120,1
ASUS_Z00AD,2107.487664819,-78,-76.1,-77.36,120,1
ASUS_Z00AD,2108.378769506,-91,-80.6,-78.45,120,1
ASUS_Z00AD,2110.243375703,-77,-75.3,-78.42,120,1
ASUS_Z00AD,2110.795901692,-80,-78.9,-78.19,120,1
ASUS_Z00AD,2111.112027421,-78,-79.8,-78.22,120,1
ASUS_Z00AD,2111.213975234,-79,-79.6,-78.25,120,1
ASUS_Z00AD,2112.127929036,-69,-72.9,-77.57,120,1
ASUS_Z00AD,2112.46403591,-66,-69,-77.21,120,1
ASUS_Z00AD,2112.886005181,-67,-70,-76.99,120,1
ASUS_Z00AD,2113.097800702,-71,-72.7,-77.16,120,1
ASUS_Z00AD,2113.326492421,-84,-76.9,-77.32,120,1
ASUS_Z00AD,2114.187354556,-78,-83.1,-78,120,1
ASUS_Z00AD,2114.294935076,-80,-83.3,-77.92,120,1
ASUS_Z00AD,2118.775669762,-81,-83.7,-77.68,120,1
ASUS_Z00AD,2119.33152221,-80,-82.9,-77.01,120,1
ASUS_Z00AD,2119.430463981,-78,-82,-77.01,120,1
ASUS_Z00AD,2120.718070803,-69,-70.9,-78.15,120,1
ASUS_Z00AD,2122.514584865,-75,-75.2,-77.72,120,1
ASUS_Z00AD,2122.825938042,-72,-74.2,-78.01,120,1
ASUS_Z00AD,2122.947363563,-72,-74.7,-78.25,120,1
ASUS_Z00AD,2123.68412226,-78,-82,-79.32,120,1
ASUS_Z00AD,2124.354821427,-83,-84.2,-78.89,120,1
ASUS_Z00AD,2124.647719343,-84,-79.6,-78.66,120,1
ASUS_Z00AD,2124.780403927,-75,-78.2,-78.6,120,1
ASUS_Z00AD,2125.968305853,-83,-77.9,-78.58,120,1
ASUS_Z00AD,2126.074130749,-88,-80.5,-78.48,120,1
ASUS_Z00AD,2126.294360593,-77,-82.6,-78.38,120,1
ASUS_Z00AD,2126.856841009,-96,-85.6,-78.41,120,1
ASUS_Z00AD,2127.728131842,-74,-76.4,-79.47,120,1
ASUS_Z00AD,2128.166491217,-70,-74.8,-79.48,120,1
ASUS_Z00AD,2128.523335592,-85,-77.8,-79.48,120,1
ASUS_Z00AD,2128.613603561,-79,-80.1,-79.42,120,1
ASUS_Z00AD,2129.049444029,-85,-84.8,-79.28,120,1
ASUS_Z00AD,2129.395178144,-85,-85,-79.47,120,1
ASUS_Z00AD,2130.717506633,-72,-75.3,-79.84,120,1
ASUS_Z00AD,2131.586026059,-80,-78.7,-79.41,120,1
ASUS_Z00AD,2132.872706163,-76,-78.1,-80.07,120,1
ASUS_Z00AD,2133.915375173,-80,-79.5,-79.18,120,1
ASUS_Z00AD,2134.019309444,-86,-80.4,-78.86,120,1
ASUS_Z00AD,2140.134934858,-71,-76.4,-78.42,120,1
ASUS_Z00AD,2143.215234701,-82,-79.9,-77,120,1
ASUS_Z00AD,2143.81966319,-81,-75.6,-76.67,120,1
ASUS_Z00AD,2144.592917773,-65,-69,-77.1,120,1
ASUS_Z00AD,2145.116427565,-65,-66.4,-77.5,120,1
ASUS_Z00AD,2145.228120013,-66,-68,-77.46,120,1
ASUS_Z00AD,2147.885916678,-67,-69.7,-77.09,120,1
ASUS_Z00AD,2148.642878188,-80,-79.3,-76.73,120,1
ASUS_Z00AD,2148.751449022,-80,-79.5,-76.74,120,1
ASUS_Z00AD,2149.182956626,-75,-77.7,-76.65,120,1
ASUS_Z00AD,2149.965054438,-75,-78.9,-76.24,120,1
ASUS_Z00AD,2150.163279073,-82,-81.6,-76.03,120,1
ASUS_Z00AD,2150.73642626,-85,-84.4,-76.51,120,1
ASUS_Z00AD,2150.819252615,-85,-83.6,-76.65,120,1
ASUS_Z00AD,2151.392356312,-74,-78.6,-76.83,120,1
ASUS_Z00AD,2152.727515478,-77,-76.4,-76,120,1
ASUS_Z00AD,2152.888548343,-76,-78.7,-75.77,120,1
ASUS_Z00AD,2153.348969384,-87,-80.2,-75.73,120,1
ASUS_Z00AD,2153.544715114,-83,-80.4,-75.45,120,1
ASUS_Z00AD,2153.845326155,-77,-81.7,-75.14,120,1
ASUS_Z00AD,2154.9010373,-75,-77.4,-74.25,120,1
ASUS_Z00AD,2155.390519384,-70,-73.9,-73.7,120,1
ASUS_Z00AD,2160.525012298,-71,-76.3,-72.97,120,1
ASUS_Z00AD,2160.885284017,-83,-76.4,-72.65,120,1
ASUS_Z00AD,2161.100754173,-78,-76.5,-72.18,120,1
ASUS_Z00AD,2161.847719642,-73,-73.2,-71.3,120,1
ASUS_Z00AD,2161.987393287,-65,-71.4,-71.14,120,1
ASUS_Z00AD,2162.190230683,-66,-70.5,-70.96,120,1
ASUS_Z00AD,2163.057550422,-69,-69.4,-70.06,120,1
N8,2270.929035412,-67,-67.1,-69.4,120,1
N8,2274.77333695,-67,-67,-64.43,120,1
N8,2275.191516785,-68,-68.3,-64.08,120,1
N8,2275.368482471,-69,-69,-63.86,120,1
N8,2279.838691464,-53,-60.1,-61.35,120,1
N8,2280.77409891,-52,-53.2,-61.22,120,1
N8,2282.061889735,-51,-52.8,-61.21,120,1
N8,2286.615648862,-62,-61,-61.08,120,1
N8,2287.407182869,-67,-61.9,-60.57,120,1
N8,2287.542215129,-62,-62.9,-60.57,120,1
N8,2288.69356391,-53,-64.7,-60.62,120,1
N8,2292.69650736,-77,-64,-60.71,120,1
N8,2294.75104813,-60,-63.1,-60.23,120,1
N8,2295.839779603,-75,-65.1,-60.53,120,1
N8,2297.040221581,-58,-65,-60.93,120,1
N8,2297.994841467,-68,-62.4,-61.5,120,1
N8,2299.359158783,-60,-61,-62.49,120,1
N8,2299.486192882,-55,-59.9,-62.62,120,1
N8,2301.798340012,-72,-60.4,-63.22,120,1
N8,2303.125569395,-61,-62.5,-63.11,120,1
N8,2303.796702764,-72,-64.6,-63.05,120,1
N8,2304.273962996,-67,-65.6,-63.03,120,1
N8,2304.969046978,-54,-58.7,-62.98,120,1
N8,2305.242031355,-54,-57.9,-63.04,120,1
N8,2307.020669539,-76,-65.3,-62.5,120,1
N8,2308.619699128,-73,-66,-62.62,120,1
N8,2308.755703396,-83,-66.4,-62.62,120,1
N8,2309.614316971,-64,-64.6,-62.67,120,1
N8,2313.056657448,-59,-61.8,-64.03,120,1
N8,2313.188366404,-63,-62,-63.87,120,1
N8,2313.724311335,-62,-64,-63.43,120,1
N8,2314.422888082,-60,-63.3,-63.7,120,1
N8,2317.425389879,-60,-65.1,-64.03,120,1
N8,2319.708343835,-73,-67.6,-62.84,120,1
N8,2319.854295038,-70,-67.3,-62.7,120,1
N8,2321.770127898,-66,-64.1,-63.05,120,1
N8,2322.196477901,-68,-66.5,-62.94,120,1
N8,2322.995966259,-71,-69.8,-62.55,120,1
N8,2324.774944804,-54,-61.7,-62.5,120,1
N8,2325.006290887,-52,-61.8,-62.51,120,1
N8,2325.71162041,-73,-62.3,-62.37,120,1
N8,2328.717647219,-67,-64.5,-62.98,120,1
N8,2329.027423916,-69,-65.6,-63.05,120,1
N8,2332.118173334,-50,-55,-63.26,120,1
N8,2332.843536367,-55,-57.1,-63.1,120,1
ASUS_Z00AD,2000.145268245,-82,-79.1,-76.62,140,1
ASUS_Z00AD,2000.888170953,-80,-83.1,-76.33,140,1
ASUS_Z00AD,2001.740737567,-83,-85.2,-75.67,140,1
ASUS_Z00AD,2002.288220484,-80,-79.4,-75.4,140,1
ASUS_Z00AD,2002.94910689,-76,-77.3,-75.36,140,1
ASUS_Z00AD,2003.07194116,-76,-76.2,-75.34,140,1
ASUS_Z00AD,2003.92358116,-70,-72.1,-75.08,140,1
ASUS_Z00AD,2004.251338764,-72,-71.6,-75.05,140,1
ASUS_Z00AD,2004.476362775,-71,-71.8,-74.91,140,1
ASUS_Z00AD,2005.005584493,-74,-72.4,-74.56,140,1
ASUS_Z00AD,2006.764576992,-71,-71.5,-74.4,140,1
ASUS_Z00AD,2007.196431107,-73,-72.1,-74.26,140,1
ASUS_Z00AD,2007.851608919,-70,-71.8,-73.66,140,1
ASUS_Z00AD,2007.983159596,-70,-71.9,-73.49,140,1
ASUS_Z00AD,2008.525132252,-74,-73.2,-73.07,140,1
ASUS_Z00AD,2008.747855481,-81,-73.6,-72.99,140,1
ASUS_Z00AD,2009.287416835,-71,-73,-72.84,140,1
ASUS_Z00AD,2011.038578553,-69,-68.5,-73.05,140,1
ASUS_Z00AD,2011.692961626,-69,-71.4,-73.08,140,1
ASUS_Z00AD,2011.79750522,-76,-71.8,-73.07,140,1
ASUS_Z00AD,2012.147782355,-74,-74.2,-73.05,140,1
ASUS_Z00AD,2012.244883345,-73,-74.9,-73.07,140,1
ASUS_Z00AD,2012.351661886,-75,-75.7,-73.09,140,1
ASUS_Z00AD,2013.362142511,-72,-74,-73.12,140,1
ASUS_Z00AD,2013.581007875,-73,-73.5,-73.18,140,1
ASUS_Z00AD,2014.347932719,-76,-75.8,-73.31,140,1
ASUS_Z00AD,2014.45360975,-77,-76.1,-73.31,140,1
ASUS_Z00AD,2014.557002667,-77,-75.9,-73.31,140,1
ASUS_Z00AD,2015.114363656,-76,-76.3,-73.22,140,1
ASUS_Z00AD,2015.336043083,-76,-76,-73.25,140,1
ASUS_Z00AD,2015.463570062,-76,-75.8,-73.27,140,1
ASUS_Z00AD,2021.799264799,-73,-72.8,-74,140,1
ASUS_Z00AD,2021.995819382,-71,-72.4,-74.15,140,1
ASUS_Z00AD,2022.214105372,-71,-71.7,-74.2,140,1
ASUS_Z00AD,2023.73273084,-72,-73.4,-75.1,140,1
ASUS_Z00AD,2023.832032715,-76,-73.5,-75.12,140,1
ASUS_Z00AD,2024.047713548,-75,-73.6,-75.19,140,1
ASUS_Z00AD,2024.134332975,-74,-73.5,-75.24,140,1
ASUS_Z00AD,2024.595732454,-73,-73.5,-75.62,140,1
ASUS_Z00AD,2024.822775163,-73,-73,-75.89,140,1
ASUS_Z00AD,2025.475121673,-73,-73.2,-76.13,140,1
ASUS_Z00AD,2025.688565787,-74,-73.7,-76.05,140,1
ASUS_Z00AD,2027.588378755,-72,-73.8,-76.16,140,1
ASUS_Z00AD,2028.010686776,-72,-74.7,-76.09,140,1
ASUS_Z00AD,2028.256489484,-77,-76.7,-76.14,140,1
ASUS_Z00AD,2028.33721037,-76,-78.2,-76.18,140,1
ASUS_Z00AD,2028.54917339,-77,-79.8,-76.26,140,1
ASUS_Z00AD,2028.998084484,-88,-84.4,-76.51,140,1
ASUS_Z00AD,2029.328005161,-91,-84.6,-76.6,140,1
ASUS_Z00AD,2029.762790057,-76,-80.9,-76.8,140,1
ASUS_Z00AD,2030.41546365,-76,-79.4,-77.38,140,1
ASUS_Z00AD,2031.461561671,-87,-84.8,-77.64,140,1
ASUS_Z00AD,2031.634235056,-84,-83.2,-77.69,140,1
ASUS_Z00AD,2031.85303891,-77,-78.9,-77.78,140,1
ASUS_Z00AD,2031.946459327,-73,-77,-78.01,140,1
ASUS_Z00AD,2032.299099847,-68,-74.8,-78.12,140,1
ASUS_Z00AD,2032.914121149,-79,-76.1,-78.9,140,1
ASUS_Z00AD,2033.405281201,-80,-77.9,-79.27,140,1
ASUS_Z00AD,2034.048384065,-72,-76.3,-79.34,140,1
ASUS_Z00AD,2034.280291617,-72,-76,-79.33,140,1
ASUS_Z00AD,2034.703971721,-76,-76.2,-79.34,140,1
ASUS_Z00AD,2035.686832346,-76,-76.6,-79.67,140,1
ASUS_Z00AD,2035.937734065,-73,-76.7,-79.71,140,1
ASUS_Z00AD,2040.73144974,-82,-79.4,-79.58,140,1
ASUS_Z00AD,2042.464012448,-77,-78.7,-79.36,140,1
ASUS_Z00AD,2042.722901979,-80,-82,-79.33,140,1
ASUS_Z00AD,2043.045818333,-89,-85.5,-79.41,140,1
ASUS_Z00AD,2043.385770989,-86,-85.7,-79.57,140,1
ASUS_Z00AD,2044.97138479,-76,-78.8,-80.05,140,1
ASUS_Z00AD,2045.084907915,-83,-80,-80.04,140,1
ASUS_Z00AD,2045.828035623,-86,-86.4,-80.24,140,1
ASUS_Z00AD,2046.575262342,-79,-79.6,-80.63,140,1
ASUS_Z00AD,2047.028392342,-70,-75.6,-80.74,140,1
ASUS_Z00AD,2047.877648018,-88,-81.6,-80.61,140,1
ASUS_Z00AD,2048.672165883,-78,-83.2,-80.69,140,1
ASUS_Z00AD,2049.335530049,-74,-76.9,-80.75,140,1
ASUS_Z00AD,2051.911473486,-74,-77.4,-80.56,140,1
ASUS_Z00AD,2052.138452704,-73,-75.9,-80.64,140,1
ASUS_Z00AD,2053.1327826,-84,-82.2,-80.44,140,1
ASUS_Z00AD,2053.545578485,-82,-84,-79.84,140,1
ASUS_Z00AD,2053.886876193,-87,-84.3,-79.7,140,1
ASUS_Z00AD,2054.001280568,-91,-83.5,-79.65,140,1
ASUS_Z00AD,2054.108363797,-86,-83,-79.65,140,1
ASUS_Z00AD,2054.418756141,-76,-81.7,-79.63,140,1
ASUS_Z00AD,2054.672598068,-78,-79.4,-79.45,140,1
ASUS_Z00AD,2054.786009526,-77,-78.8,-79.34,140,1
ASUS_Z00AD,2055.192333432,-77,-77.9,-79.01,140,1
ASUS_Z00AD,2055.400376557,-80,-79.3,-78.68,140,1
ASUS_Z00AD,2056.498980723,-86,-81.9,-77.96,140,1
ASUS_Z00AD,2056.629978588,-81,-81.8,-77.91,140,1
ASUS_Z00AD,2061.293901347,-90,-82.8,-77.51,140,1
ASUS_Z00AD,2061.442488274,-83,-82.7,-77.39,140,1
ASUS_Z00AD,2062.164785669,-77,-80.3,-76.56,140,1
ASUS_Z00AD,2062.830511763,-83,-78.6,-76.94,140,1
ASUS_Z00AD,2063.376396502,-74,-78.1,-77.01,140,1
ASUS_Z00AD,2064.263085512,-73,-74.5,-76.54,140,1
ASUS_Z00AD,2065.132552751,-74,-71.7,-75.17,140,1
ASUS_Z00AD,2065.663718845,-71,-71.1,-74.33,140,1
ASUS_Z00AD,2066.012403532,-71,-70.7,-73.88,140,1
ASUS_Z00AD,2066.126510459,-72,-70.6,-73.79,140,1
ASUS_Z00AD,2069.285378114,-81,-77,-70.27,140,1
ASUS_Z00AD,2069.747218687,-83,-79.7,-69.73,140,1
ASUS_Z00AD,2070.173708895,-88,-81.2,-68.99,140,1
ASUS_Z00AD,2070.58966676,-81,-75.6,-68.32,140,1
ASUS_Z00AD,2071.139834624,-68,-64.8,-67.82,140,1
N8,2169.451053014,-69,-61,-67.39,140,1
N8,2169.98924315,-57,-61.5,-67.38,140,1
N8,2170.120929797,-52,-61.5,-67.33,140,1
N8,2170.675236351,-57,-58.7,-67.05,140,1
N8,2171.33618347,-61,-61,-66.72,140,1
N8,2174.071992778,-70,-69.1,-66.45,140,1
N8,2175.681626346,-64,-63.6,-66.17,140,1
N8,2176.482143454,-56,-60.6,-65.51,140,1
N8,2177.591454242,-60,-59.7,-64.51,140,1
N8,2177.731502969,-58,-61.3,-64.23,140,1
N8,2178.552626351,-68,-64.8,-63.56,140,1
N8,2179.367525431,-71,-66.8,-63.58,140,1
N8,2179.757464628,-70,-66.3,-63.28,140,1
N8,2180.588692926,-58,-63.4,-63.22,140,1
N8,2182.442267456,-63,-63.6,-63.25,140,1
N8,2182.558480859,-63,-64.2,-63.22,140,1
N8,2182.686919525,-66,-64.8,-63.19,140,1
N8,2184.405023875,-66,-66.6,-62.57,140,1
N8,2185.372180299,-67,-66.2,-62.15,140,1
N8,2185.821746167,-66,-65.3,-61.84,140,1
N8,2186.546922626,-70,-63.1,-61.55,140,1
N8,2187.21751906,-58,-60.3,-61.33,140,1
N8,2187.373258568,-55,-59.5,-61.28,140,1
N8,2187.494495456,-59,-58.5,-61.22,140,1
N8,2187.90093243,-58,-59.2,-61.17,140,1
N8,2188.036032443,-61,-59.8,-61.2,140,1
N8,2188.194655725,-62,-59.9,-61.14,140,1
N8,2188.715885043,-60,-61.1,-60.53,140,1
N8,2190.215321639,-58,-58.6,-59.91,140,1
N8,2192.148219847,-58,-58,-59.77,140,1
N8,2192.947441643,-59,-58,-59.47,140,1
N8,2193.204892726,-58,-57.9,-59.44,140,1
N8,2193.999530424,-58,-58.2,-59.26,140,1
N8,2196.052370208,-58,-58.6,-58.72,140,1
N8,2196.342807662,-58,-57.9,-58.48,140,1
N8,2197.131456981,-56,-56.2,-58.41,140,1
N8,2197.559259832,-55,-55,-58.24,140,1
N8,2197.840907647,-54,-54.7,-58.15,140,1
N8,2197.995869799,-54,-54.4,-58.2,140,1
N8,2198.647024226,-58,-54.2,-58.53,140,1
N8,2199.794092202,-55,-55,-58.46,140,1
N8,2200.522886281,-57,-58.4,-58.51,140,1
N8,2203.431617236,-55,-57.1,-58.49,140,1
N8,2204.363768744,-57,-57.4,-58.56,140,1
N8,2204.828333495,-59,-58.3,-58.56,140,1
N8,2207.316211803,-66,-61.9,-58.62,140,1
N8,2208.083180846,-60,-62.1,-58.89,140,1
N8,2209.299622019,-64,-62.3,-59.58,140,1
N8,2210.265271052,-61,-60.6,-60.35,140,1
N8,2210.534457267,-61,-59.6,-60.47,140,1
N8,2211.811754992,-58,-58.8,-60.51,140,1
N8,2212.37267967,-59,-58.3,-60.64,140,1
N8,2212.607619612,-55,-58.3,-60.69,140,1
N8,2212.916517246,-59,-58.1,-60.79,140,1
N8,2213.983308154,-59,-59.3,-61.51,140,1
N8,2216.144213684,-58,-59.2,-62.08,140,1
N8,2217.254056503,-63,-60.9,-62.11,140,1
N8,2217.527816433,-61,-62.2,-62.08,140,1
N8,2222.254939791,-65,-63.7,-62.56,140,1
N8,2223.145312837,-67,-63.5,-62.69,140,1
N8,2223.452370892,-59,-62.8,-62.92,140,1
N8,2223.683491194,-60,-63.2,-63.02,140,1
N8,2224.445267953,-69,-67.7,-63.05,140,1
N8,2224.783381838,-78,-69.1,-63.05,140,1
N8,2226.197819875,-61,-64.7,-63.63,140,1
N8,2227.370174678,-65,-63.7,-63.74,140,1
N8,2229.034747272,-63,-62.7,-63.9,140,1
N8,2229.566171422,-64,-61.9,-64.06,140,1
N8,2232.307667184,-60,-65.2,-63.93,140,1
N8,2233.924298444,-64,-62.8,-64.07,140,1
N8,2234.329835417,-56,-64.3,-63.85,140,1
N8,2234.766726646,-68,-64.6,-63.89,140,1
N8,2234.894368029,-64,-65.5,-63.83,140,1
N8,2235.416537263,-72,-67.9,-63.62,140,1
N8,2235.683888406,-73,-70.1,-63.52,140,1
ASUS_Z00AD,1896.565049743,-83,-84.1,-78.23,160,1
ASUS_Z00AD,1901.298385522,-85,-82.4,-77.98,160,1
ASUS_Z00AD,1901.426146668,-85,-81.9,-77.95,160,1
ASUS_Z00AD,1901.74086297,-80,-81.4,-77.9,160,1
ASUS_Z00AD,1901.851457397,-78,-80.3,-77.91,160,1
ASUS_Z00AD,1902.389137866,-77,-76.1,-77.85,160,1
ASUS_Z00AD,1902.934424845,-73,-73.8,-77.99,160,1
ASUS_Z00AD,1903.857161771,-74,-73.8,-77.86,160,1
ASUS_Z00AD,1904.082924115,-73,-73.8,-77.75,160,1
ASUS_Z00AD,1905.078846094,-78,-72.9,-76.66,160,1
ASUS_Z00AD,1905.17254625,-72,-72.7,-76.5,160,1
ASUS_Z00AD,1906.599768645,-71,-73.5,-75.15,160,1
ASUS_Z00AD,1906.816296718,-72,-74.9,-75.12,160,1
ASUS_Z00AD,1908.350541874,-76,-77.3,-74.42,160,1
ASUS_Z00AD,1910.466346717,-76,-73.5,-74.75,160,1
ASUS_Z00AD,1910.903962081,-74,-74.2,-75.05,160,1
ASUS_Z00AD,1911.1164338,-74,-73.8,-75.14,160,1
ASUS_Z00AD,1911.879051977,-74,-73.7,-75.43,160,1
ASUS_Z00AD,1912.102534997,-74,-73.4,-75.6,160,1
ASUS_Z00AD,1912.217157028,-73,-73.6,-75.67,160,1
ASUS_Z00AD,1912.318298799,-75,-73.9,-75.73,160,1
ASUS_Z00AD,1914.096801351,-75,-75.6,-75.8,160,1
ASUS_Z00AD,1916.184104631,-76,-77.1,-75.28,160,1
ASUS_Z00AD,1916.616839162,-86,-81.4,-75.27,160,1
ASUS_Z00AD,1917.586732183,-80,-80.8,-75.11,160,1
ASUS_Z00AD,1918.038008953,-78,-78.3,-74.98,160,1
ASUS_Z00AD,1918.788039995,-81,-78.4,-74.71,160,1
ASUS_Z00AD,1919.790744213,-75,-75.2,-74.52,160,1
ASUS_Z00AD,1920.12496739,-73,-74,-74.43,160,1
ASUS_Z00AD,1920.997390098,-74,-73.4,-74.24,160,1
ASUS_Z00AD,1921.674709629,-72,-72.9,-74.26,160,1
ASUS_Z00AD,1924.236217805,-68,-69.5,-73.26,160,1
ASUS_Z00AD,1925.545366815,-68,-72.2,-73.01,160,1
ASUS_Z00AD,1925.791762492,-77,-72.7,-73,160,1
ASUS_Z00AD,1926.092166346,-73,-74.3,-73.12,160,1
ASUS_Z00AD,1926.762344263,-76,-74.1,-73.5,160,1
ASUS_Z00AD,1929.086860199,-71,-71.8,-73.53,160,1
ASUS_Z00AD,1929.189251657,-71,-72.1,-73.51,160,1
ASUS_Z00AD,1929.286898428,-71,-72.4,-73.5,160,1
ASUS_Z00AD,1929.837992543,-76,-73.2,-73.56,160,1
ASUS_Z00AD,1930.265558949,-73,-74.3,-73.64,160,1
ASUS_Z00AD,1931.592315823,-76,-77.7,-73.77,160,1
ASUS_Z00AD,1931.686772438,-76,-78.2,-73.8,160,1
ASUS_Z00AD,1932.88198426,-85,-79.9,-74.6,160,1
ASUS_Z00AD,1932.993037437,-80,-79.5,-74.59,160,1
ASUS_Z00AD,1933.487433531,-77,-77.4,-74.58,160,1
ASUS_Z00AD,1938.186486029,-71,-72.9,-74.6,160,1
ASUS_Z00AD,1938.399267435,-70,-71.6,-74.64,160,1
ASUS_Z00AD,1938.514118633,-70,-70.8,-74.7,160,1
ASUS_Z00AD,1938.863523529,-70,-70.2,-75.07,160,1
ASUS_Z00AD,1939.104984987,-70,-70.6,-75.35,160,1
ASUS_Z00AD,1939.396986081,-72,-71.5,-75.79,160,1
ASUS_Z00AD,1940.173548997,-72,-71.8,-76.22,160,1
ASUS_Z00AD,1940.604922226,-70,-70.6,-76.38,160,1
ASUS_Z00AD,1941.487540038,-71,-71.8,-76.62,160,1
ASUS_Z00AD,1942.465373267,-87,-81.9,-77.01,160,1
ASUS_Z00AD,1944.388620714,-79,-78.6,-77.27,160,1
ASUS_Z00AD,1944.465632277,-82,-80,-77.27,160,1
ASUS_Z00AD,1944.91733587,-86,-85.2,-77.27,160,1
ASUS_Z00AD,1945.137907537,-85,-85.6,-77.3,160,1
ASUS_Z00AD,1945.236525558,-87,-85.5,-77.31,160,1
ASUS_Z00AD,1945.60272436,-83,-82.8,-77.28,160,1
ASUS_Z00AD,1946.339224672,-76,-77.5,-77.11,160,1
ASUS_Z00AD,1947.121458161,-79,-80.5,-77.15,160,1
ASUS_Z00AD,1947.56691613,-86,-81.2,-77.16,160,1
ASUS_Z00AD,1949.639444827,-77,-78.9,-76.62,160,1
ASUS_Z00AD,1951.251259305,-71,-70.6,-77.51,160,1
ASUS_Z00AD,1951.926410086,-70,-70.3,-76.93,160,1
ASUS_Z00AD,1952.030369461,-70,-70.2,-76.86,160,1
ASUS_Z00AD,1952.349987065,-70,-70,-76.81,160,1
ASUS_Z00AD,1952.68606618,-70,-70.3,-76.83,160,1
ASUS_Z00AD,1953.0491267,-73,-70.7,-76.79,160,1
ASUS_Z00AD,1953.150885242,-71,-70.9,-76.74,160,1
ASUS_Z00AD,1953.253059252,-72,-71.1,-76.69,160,1
ASUS_Z00AD,1953.415949096,-71,-71.2,-76.61,160,1
ASUS_Z00AD,1958.438096386,-74,-72.8,-76.02,160,1
ASUS_Z00AD,1959.51354201,-76,-76.4,-75.76,160,1
ASUS_Z00AD,1961.590516853,-88,-87.1,-76.12,160,1
ASUS_Z00AD,1961.860459041,-86,-84.5,-76.38,160,1
ASUS_Z00AD,1962.135608989,-84,-81.3,-76.46,160,1
ASUS_Z00AD,1963.505484092,-76,-75.3,-76.15,160,1
ASUS_Z00AD,1965.687623362,-83,-78.2,-74.61,160,1
ASUS_Z00AD,1966.573696122,-83,-79.3,-73.79,160,1
ASUS_Z00AD,1966.98961857,-77,-79.9,-73.18,160,1
ASUS_Z00AD,1967.213105237,-78,-80.1,-72.59,160,1
ASUS_Z00AD,1967.893936799,-79,-75.8,-71.22,160,1
ASUS_Z00AD,1969.068896173,-73,-67.5,-70,160,1
ASUS_Z00AD,1969.295695392,-67,-66.6,-69.72,160,1
N8,2075.03461501,-62,-64.6,-69.22,160,1
N8,2075.412702104,-55,-62.6,-68.89,160,1
N8,2076.776495165,-60,-65.4,-68.1,160,1
N8,2076.905561896,-62,-64.9,-67.94,160,1
N8,2077.343360385,-63,-65.1,-67.79,160,1
N8,2078.825769625,-69,-66.9,-66.3,160,1
N8,2079.648838319,-70,-63.9,-65.21,160,1
N8,2083.770424078,-61,-62.6,-63.25,160,1
N8,2084.302163877,-63,-62.7,-62.84,160,1
N8,2085.260457284,-61,-60.5,-62.29,160,1
N8,2088.327614262,-62,-64.1,-61.71,160,1
N8,2088.57783817,-74,-64.1,-61.72,160,1
N8,2089.65512665,-62,-62.1,-62.29,160,1
N8,2090.073448323,-59,-59.2,-62.25,160,1
N8,2090.230480728,-58,-58.9,-62.17,160,1
N8,2092.797011621,-59,-59,-62.02,160,1
N8,2093.207000674,-60,-59.3,-62.01,160,1
N8,2094.032991076,-55,-58,-61.88,160,1
N8,2094.305854178,-57,-58.4,-61.9,160,1
N8,2094.711391753,-59,-59,-61.99,160,1
N8,2095.261580891,-62,-59.5,-62.09,160,1
N8,2095.923784717,-61,-61.1,-62.25,160,1
N8,2096.060000054,-58,-61.1,-62.24,160,1
N8,2096.322428289,-62,-60.8,-62.18,160,1
N8,2098.36440603,-72,-69.7,-61.6,160,1
N8,2102.362018458,-61,-61.5,-60.99,160,1
N8,2102.913305252,-60,-61.6,-61.04,160,1
N8,2104.82368179,-66,-63.7,-61.37,160,1
N8,2105.901710078,-65,-64,-61.77,160,1
N8,2106.894275817,-67,-62.7,-61.65,160,1
N8,2107.29973183,-60,-61.8,-61.6,160,1
N8,2107.834911592,-55,-59.3,-61.54,160,1
N8,2107.966033408,-57,-59.5,-61.5,160,1
N8,2108.254985189,-57,-58.3,-61.4,160,1
N8,2109.457603922,-57,-58,-61.38,160,1
N8,2110.001466774,-59,-56.8,-61.04,160,1
N8,2110.263358614,-58,-56.5,-60.88,160,1
N8,2111.916622206,-54,-55.8,-60.31,160,1
N8,2112.741548774,-55,-55.8,-59.61,160,1
N8,2112.891543655,-53,-56.8,-59.55,160,1
N8,2113.609115233,-65,-59.3,-59.34,160,1
N8,2114.812365794,-64,-60.5,-59.01,160,1
N8,2115.227867731,-59,-61.7,-58.7,160,1
N8,2116.46899566,-85,-63.9,-58.95,160,1
N8,2117.548246399,-57,-60.6,-59.1,160,1
N8,2119.997412736,-61,-58.2,-60.06,160,1
N8,2121.675873179,-57,-57.9,-60.48,160,1
N8,2124.499972752,-56,-55.2,-62.21,160,1
N8,2125.942416439,-56,-54.9,-62.74,160,1
N8,2126.896739089,-67,-63.8,-63.02,160,1
N8,2128.290708388,-68,-71.8,-63.19,160,1
N8,2128.437093064,-71,-71.3,-63.31,160,1
N8,2128.544533618,-72,-70,-63.44,160,1
N8,2130.452032704,-62,-68.4,-64.04,160,1
N8,2131.740478493,-65,-68.7,-64.1,160,1
N8,2132.155513736,-76,-68.2,-64.15,160,1
N8,2133.951221884,-67,-69.6,-64.73,160,1
N8,2134.36315518,-74,-69.5,-65.05,160,1
ASUS_Z00AD,1797.135292124,-94,-90.2,-87.51,180,1
ASUS_Z00AD,1797.790229937,-89,-92.5,-87.41,180,1
ASUS_Z00AD,1798.436746499,-100,-93,-87.04,180,1
ASUS_Z00AD,1798.998729051,-91,-93.6,-86.79,180,1
ASUS_Z00AD,1799.102044832,-94,-92.8,-86.79,180,1
ASUS_Z00AD,1799.334519884,-94,-91.7,-86.67,180,1
ASUS_Z00AD,1799.999189571,-86,-86.8,-86.22,180,1
ASUS_Z00AD,1800.984597279,-88,-84.4,-86.18,180,1
ASUS_Z00AD,1801.198032331,-82,-84.4,-86.31,180,1
ASUS_Z00AD,1801.315966133,-82,-84.3,-86.4,180,1
ASUS_Z00AD,1801.529482279,-81,-84.3,-86.53,180,1
ASUS_Z00AD,1801.96585306,-83,-82.7,-86.59,180,1
ASUS_Z00AD,1802.418773789,-82,-82.6,-86.54,180,1
ASUS_Z00AD,1803.175493372,-80,-80.7,-86.55,180,1
ASUS_Z00AD,1803.415307799,-79,-80.3,-86.43,180,1
ASUS_Z00AD,1804.721246392,-78,-82,-85.87,180,1
ASUS_Z00AD,1805.382557121,-89,-83.6,-85.67,180,1
ASUS_Z00AD,1806.465846027,-86,-86.3,-84.97,180,1
ASUS_Z00AD,1807.231277954,-91,-89.1,-84.32,180,1
ASUS_Z00AD,1807.349048631,-91,-90.2,-84.27,180,1
ASUS_Z00AD,1807.566843787,-90,-89.5,-84.2,180,1
ASUS_Z00AD,1807.782900662,-96,-88.2,-84.17,180,1
ASUS_Z00AD,1807.889389725,-84,-87.7,-84.17,180,1
ASUS_Z00AD,1808.119487797,-82,-86.9,-84.18,180,1
ASUS_Z00AD,1808.432408995,-86,-87.5,-84.2,180,1
ASUS_Z00AD,1811.449366754,-89,-85,-84.45,180,1
ASUS_Z00AD,1811.762653681,-84,-84.9,-84.64,180,1
ASUS_Z00AD,1811.98622316,-82,-84.1,-84.51,180,1
ASUS_Z00AD,1812.650408056,-82,-81.9,-84.41,180,1
ASUS_Z00AD,1812.75288665,-82,-81.9,-84.42,180,1
ASUS_Z00AD,1812.971135243,-82,-82.3,-84.57,180,1
ASUS_Z00AD,1813.195381806,-82,-82.7,-84.57,180,1
ASUS_Z00AD,1818.584709877,-85,-84.6,-84.41,180,1
ASUS_Z00AD,1819.555192533,-84,-83.7,-84.27,180,1
ASUS_Z00AD,1819.663901803,-83,-83.3,-84.19,180,1
ASUS_Z00AD,1820.545588209,-81,-81.3,-83.79,180,1
ASUS_Z00AD,1820.867882793,-82,-81.8,-83.66,180,1
ASUS_Z00AD,1821.415491855,-83,-83.3,-83.48,180,1
ASUS_Z00AD,1821.901204563,-85,-84.5,-83.43,180,1
ASUS_Z00AD,1823.448859667,-82,-84,-83.04,180,1
ASUS_Z00AD,1823.883293364,-86,-86.2,-83.38,180,1
ASUS_Z00AD,1824.202425135,-92,-87.7,-83.47,180,1
ASUS_Z00AD,1824.767397322,-90,-90.2,-83.62,180,1
ASUS_Z00AD,1825.515440864,-84,-85.9,-83.64,180,1
ASUS_Z00AD,1825.967165655,-82,-83.4,-83.57,180,1
ASUS_Z00AD,1826.832000134,-80,-80.7,-83.47,180,1
ASUS_Z00AD,1827.249745342,-78,-79.3,-83.47,180,1
ASUS_Z00AD,1829.529653987,-81,-83,-83.69,180,1
ASUS_Z00AD,1830.191978883,-91,-86.5,-83.62,180,1
ASUS_Z00AD,1830.636696226,-86,-87.7,-83.51,180,1
ASUS_Z00AD,1830.754626747,-87,-87.1,-83.44,180,1
ASUS_Z00AD,1831.734899247,-82,-83.4,-82.67,180,1
ASUS_Z00AD,1832.50241633,-83,-82.6,-82.44,180,1
ASUS_Z00AD,1832.950516017,-82,-82.8,-82.41,180,1
ASUS_Z00AD,1833.049516121,-82,-82.7,-82.4,180,1
ASUS_Z00AD,1833.587119715,-81,-82.7,-82.64,180,1
ASUS_Z00AD,1838.978467004,-85,-85.1,-82.95,180,1
ASUS_Z00AD,1839.624763931,-84,-83.6,-82.77,180,1
ASUS_Z00AD,1841.066199816,-83,-81.2,-81.56,180,1
ASUS_Z00AD,1841.603054243,-82,-81.6,-81.46,180,1
ASUS_Z00AD,1842.039235701,-81,-81.3,-81.16,180,1
ASUS_Z00AD,1842.616878774,-78,-80.8,-80.91,180,1
ASUS_Z00AD,1842.716832628,-79,-81.2,-80.85,180,1
ASUS_Z00AD,1843.650503148,-82,-83,-80.39,180,1
ASUS_Z00AD,1845.186032367,-80,-80.9,-79.59,180,1
ASUS_Z00AD,1845.280825283,-80,-80.3,-79.5,180,1
ASUS_Z00AD,1845.385591533,-79,-79.8,-79.37,180,1
ASUS_Z00AD,1846.490542001,-78,-76.4,-78.62,180,1
ASUS_Z00AD,1847.483079189,-75,-76.7,-78.06,180,1
ASUS_Z00AD,1848.684346011,-92,-78.4,-77.85,180,1
ASUS_Z00AD,1849.133046063,-76,-77.7,-77.91,180,1
ASUS_Z00AD,1849.454490542,-76,-75.8,-78.22,180,1
ASUS_Z00AD,1851.534015593,-76,-75.2,-78.91,180,1
ASUS_Z00AD,1851.96596101,-78,-77.1,-78.96,180,1
ASUS_Z00AD,1852.182869864,-80,-76.8,-78.98,180,1
ASUS_Z00AD,1852.725301374,-73,-74.9,-78.63,180,1
ASUS_Z00AD,1853.538765697,-75,-75.7,-78.97,180,1
ASUS_Z00AD,1853.866283822,-84,-76.3,-79.13,180,1
ASUS_Z00AD,1859.08731382,-83,-86.2,-78.73,180,1
ASUS_Z00AD,1859.749875434,-89,-89.8,-78.99,180,1
ASUS_Z00AD,1860.06652283,-90,-89.4,-79.08,180,1
ASUS_Z00AD,1860.276766007,-89,-87.5,-79.2,180,1
ASUS_Z00AD,1860.739639756,-84,-86,-79.38,180,1
ASUS_Z00AD,1861.169925902,-86,-86.1,-79.53,180,1
ASUS_Z00AD,1861.936596319,-80,-81.9,-79.98,180,1
ASUS_Z00AD,1863.682489547,-79,-79.8,-80.72,180,1
ASUS_Z00AD,1864.455860849,-75,-76.9,-81.06,180,1
ASUS_Z00AD,1865.755923869,-77,-77.9,-81.28,180,1
ASUS_Z00AD,1865.872556421,-83,-78.5,-81.33,180,1
ASUS_Z00AD,1865.972851577,-82,-79.7,-81.26,180,1
ASUS_Z00AD,1866.288450536,-76,-80.7,-80.8,180,1
ASUS_Z00AD,1867.182016212,-79,-80.3,-80.49,180,1
ASUS_Z00AD,1867.623389129,-86,-80.6,-80.34,180,1
ASUS_Z00AD,1868.699650535,-84,-81,-79.14,180,1
ASUS_Z00AD,1869.136722826,-80,-81.8,-78.63,180,1
ASUS_Z00AD,1869.570432878,-84,-80.8,-78.53,180,1
ASUS_Z00AD,1870.132705638,-79,-80.2,-78.18,180,1
ASUS_Z00AD,1870.339603867,-76,-79.4,-78.03,180,1
ASUS_Z00AD,1872.6822747,-82,-82.5,-76.16,180,1
ASUS_Z00AD,1872.781921366,-77,-81.6,-76.01,180,1
ASUS_Z00AD,1873.925563814,-77,-76.8,-75.19,180,1
N8,1966.737024854,-66,-72.3,-75.19,180,1
N8,1967.540682058,-68,-66.2,-75.08,180,1
N8,1968.089117386,-66,-65.9,-75.01,180,1
N8,1968.907387992,-65,-67,-74.93,180,1
N8,1975.873349477,-67,-67.2,-74.42,180,1
N8,1976.819401334,-67,-67.2,-73.87,180,1
N8,1978.757845035,-69,-68.1,-72.38,180,1
N8,1979.158958295,-67,-68.1,-72.04,180,1
N8,1979.585648959,-68,-67.5,-71.46,180,1
N8,1979.703882133,-68,-67.8,-71.43,180,1
N8,1980.271139504,-72,-72.1,-70.89,180,1
N8,1986.104218578,-77,-76.9,-70.1,180,1
N8,1987.822675956,-79,-79.5,-69.81,180,1
N8,1988.119826006,-83,-78.5,-69.82,180,1
N8,1988.932663271,-76,-79.3,-69.94,180,1
N8,1989.607157013,-80,-78,-70,180,1
N8,1995.543825318,-65,-69.6,-70.31,180,1
N8,1995.681273107,-66,-68.3,-70.33,180,1
N8,1999.256076615,-67,-68.4,-71.18,180,1
N8,1999.81735282,-74,-68.4,-71.35,180,1
N8,2004.106857943,-65,-65.9,-71.74,180,1
N8,2005.521581918,-66,-66.6,-71.54,180,1
N8,2005.855419179,-66,-67.2,-71.27,180,1
N8,2007.190340606,-69,-69,-70.53,180,1
N8,2008.701180819,-72,-70.5,-69.75,180,1
N8,2011.879459997,-79,-75.3,-69.66,180,1
N8,2013.847220214,-73,-72.9,-70.73,180,1
N8,2014.271930348,-74,-73.6,-70.73,180,1
N8,2015.228457193,-83,-75.7,-71.17,180,1
N8,2017.526188601,-68,-67.4,-71.7,180,1
N8,2023.899632294,-85,-78.2,-70.33,180,1
N8,2026.472340074,-72,-72,-68.79,180,1
N8,2026.603082022,-73,-71.5,-68.74,180,1
N8,2027.570943663,-73,-70.5,-68.2,180,1
N8,2028.236511431,-74,-71.6,-68.11,180,1
N8,2029.481601234,-66,-67.7,-67.6,180,1
N8,2029.643387125,-63,-66.8,-67.51,180,1
N8,2032.004872223,-68,-67.1,-67.58,180,1
N8,2032.943292686,-64,-64.3,-67.37,180,1
N8,2034.198866371,-67,-66.7,-66.97,180,1
N8,2035.27310877,-60,-64.6,-66.56,180,1
N8,2037.460535105,-59,-59.7,-66.65,180,1
ASUS_Z00AD,1680.498257325,-87,-85.3,-82.15,200,1
ASUS_Z00AD,1680.623856388,-90,-87.2,-82.13,200,1
ASUS_Z00AD,1683.017532272,-87,-89.1,-82.08,200,1
ASUS_Z00AD,1683.117537428,-88,-89.4,-82.1,200,1
ASUS_Z00AD,1683.224218835,-89,-89.3,-82.07,200,1
ASUS_Z00AD,1684.534083313,-78,-84.7,-82.03,200,1
ASUS_Z00AD,1685.288458,-79,-78.3,-81.96,200,1
ASUS_Z00AD,1685.504311542,-77,-78.2,-81.96,200,1
ASUS_Z00AD,1685.944485188,-78,-77.5,-82.27,200,1
ASUS_Z00AD,1686.718685292,-77,-77.6,-82.99,200,1
ASUS_Z00AD,1686.933236281,-78,-78.1,-83.11,200,1
ASUS_Z00AD,1687.473207531,-82,-80.6,-83.61,200,1
ASUS_Z00AD,1688.810385082,-84,-86.3,-83.96,200,1
ASUS_Z00AD,1688.941860707,-85,-86.8,-83.79,200,1
ASUS_Z00AD,1689.974947634,-88,-86.1,-83.28,200,1
ASUS_Z00AD,1691.50526279,-80,-80.3,-82.87,200,1
ASUS_Z00AD,1691.931185706,-82,-83.7,-82.83,200,1
ASUS_Z00AD,1692.364594144,-88,-84.6,-82.86,200,1
ASUS_Z00AD,1693.158563831,-85,-86.8,-83.08,200,1
ASUS_Z00AD,1693.89201482,-83,-84.6,-83.37,200,1
ASUS_Z00AD,1694.024434247,-84,-84.4,-83.41,200,1
ASUS_Z00AD,1694.578238101,-85,-84.4,-83.66,200,1
ASUS_Z00AD,1695.334361278,-89,-84.4,-83.67,200,1
ASUS_Z00AD,1700.884059297,-84,-84.1,-83.01,200,1
ASUS_Z00AD,1701.751857786,-82,-81.9,-82.97,200,1
ASUS_Z00AD,1703.058076171,-80,-79.8,-83.38,200,1
ASUS_Z00AD,1705.150729503,-90,-84,-83.39,200,1
ASUS_Z00AD,1706.336828617,-80,-81.2,-83.58,200,1
ASUS_Z00AD,1706.567471638,-80,-81,-83.8,200,1
ASUS_Z00AD,1706.666285701,-89,-81,-83.97,200,1
ASUS_Z00AD,1706.780963982,-80,-81,-84.07,200,1
ASUS_Z00AD,1707.430481221,-81,-81.3,-84,200,1
ASUS_Z00AD,1707.849661481,-83,-83.7,-84.38,200,1
ASUS_Z00AD,1708.845280752,-87,-85.7,-84.39,200,1
ASUS_Z00AD,1709.053457783,-85,-85.8,-84.39,200,1
ASUS_Z00AD,1709.93606122,-85,-85.2,-84.75,200,1
ASUS_Z00AD,1710.895367105,-82,-85.7,-84.9,200,1
ASUS_Z00AD,1711.447948459,-84,-83.7,-85.3,200,1
ASUS_Z00AD,1713.309643979,-78,-89,-84.86,200,1
ASUS_Z00AD,1713.861480333,-98,-86.7,-84.61,200,1
ASUS_Z00AD,1713.982475646,-93,-87.2,-84.56,200,1
ASUS_Z00AD,1714.853061323,-81,-85.8,-84.38,200,1
ASUS_Z00AD,1715.414870176,-86,-83.4,-84.08,200,1
ASUS_Z00AD,1716.828923301,-81,-83.5,-83.55,200,1
ASUS_Z00AD,1717.121030697,-80,-84.7,-83.39,200,1
ASUS_Z00AD,1721.385105799,-91,-85.4,-83.3,200,1
ASUS_Z00AD,1722.010923559,-90,-90,-83.09,200,1
ASUS_Z00AD,1722.913287153,-88,-87.7,-82.98,200,1
ASUS_Z00AD,1723.866288611,-71,-75.4,-82.65,200,1
ASUS_Z00AD,1725.084418454,-77,-76.9,-82.62,200,1
ASUS_Z00AD,1726.412070433,-81,-80,-81.88,200,1
ASUS_Z00AD,1728.496323296,-82,-79.9,-81.66,200,1
ASUS_Z00AD,1728.711048296,-80,-80.5,-81.5,200,1
ASUS_Z00AD,1728.934421838,-84,-81.4,-81.37,200,1
ASUS_Z00AD,1729.843986004,-93,-83.8,-81.03,200,1
ASUS_Z00AD,1730.630815848,-92,-89.7,-82.02,200,1
ASUS_Z00AD,1730.853046369,-101,-89.6,-82.2,200,1
ASUS_Z00AD,1730.967348556,-95,-88.9,-82.29,200,1
ASUS_Z00AD,1731.405114858,-76,-83.9,-82.63,200,1
ASUS_Z00AD,1731.716283712,-78,-78.7,-82.91,200,1
ASUS_Z00AD,1731.852355587,-80,-77.7,-83.06,200,1
ASUS_Z00AD,1731.939187566,-78,-77.8,-83.24,200,1
ASUS_Z00AD,1732.827977045,-81,-81.5,-83.27,200,1
ASUS_Z00AD,1733.265464961,-82,-83.6,-83.26,200,1
ASUS_Z00AD,1733.472516263,-83,-83.6,-83.28,200,1
ASUS_Z00AD,1734.253400169,-81,-81.8,-83.88,200,1
ASUS_Z00AD,1734.484217565,-83,-81,-83.91,200,1
ASUS_Z00AD,1735.885757565,-86,-86.1,-84.2,200,1
ASUS_Z00AD,1736.109184179,-85,-87.4,-83.97,200,1
ASUS_Z00AD,1736.764899648,-88,-85.7,-84.07,200,1
ASUS_Z00AD,1737.394718449,-82,-83.7,-83.91,200,1
ASUS_Z00AD,1741.844423968,-87,-85.6,-83.72,200,1
ASUS_Z00AD,1743.367480062,-81,-79.2,-84.69,200,1
ASUS_Z00AD,1743.461429697,-80,-79.1,-84.71,200,1
ASUS_Z00AD,1743.799596416,-78,-80.3,-84.75,200,1
ASUS_Z00AD,1744.254305634,-79,-82.9,-84.66,200,1
ASUS_Z00AD,1745.007831467,-91,-86.1,-84.55,200,1
ASUS_Z00AD,1745.342554332,-85,-86.3,-84.99,200,1
ASUS_Z00AD,1745.566921727,-88,-86.6,-85.25,200,1
ASUS_Z00AD,1746.986431362,-90,-83.2,-85.2,200,1
ASUS_Z00AD,1747.647327456,-85,-87.9,-84.83,200,1
ASUS_Z00AD,1747.866141362,-100,-88.6,-84.81,200,1
ASUS_Z00AD,1748.636867403,-80,-85,-84.34,200,1
ASUS_Z00AD,1748.855169695,-78,-83.3,-84.32,200,1
ASUS_Z00AD,1750.485009069,-85,-83.9,-84.05,200,1
ASUS_Z00AD,1750.923348965,-81,-85,-83.99,200,1
ASUS_Z00AD,1751.697630892,-98,-89.4,-83.69,200,1
ASUS_Z00AD,1753.977966568,-86,-77.2,-81.22,200,1
ASUS_Z00AD,1754.096685162,-73,-76.8,-81.17,200,1
ASUS_Z00AD,1754.19755261,-71,-76.8,-80.99,200,1
ASUS_Z00AD,1754.30237912,-70,-76.8,-80.78,200,1
ASUS_Z00AD,1755.072801411,-92,-80.2,-80.18,200,1
ASUS_Z00AD,1755.946246255,-84,-82.8,-79.48,200,1
ASUS_Z00AD,1756.268668703,-90,-83,-78.89,200,1
N8,1850.779744206,-66,-64.3,-76.43,200,1
N8,1852.573036128,-71,-70.5,-75.55,200,1
N8,1852.817935925,-73,-73.2,-75.28,200,1
N8,1854.731328701,-75,-75.7,-74.88,200,1
N8,1855.103491733,-73,-75.6,-74.88,200,1
N8,1855.599567589,-72,-74,-74.65,200,1
N8,1855.739258395,-69,-74.2,-74.59,200,1
N8,1856.299433338,-80,-74.3,-74.25,200,1
N8,1857.535896122,-81,-74,-72.9,200,1
N8,1859.027053163,-68,-73.9,-71.37,200,1
N8,1860.792591755,-75,-74.4,-70.26,200,1
N8,1860.92387553,-74,-74.1,-70.07,200,1
N8,1861.180280255,-71,-73.5,-69.9,200,1
N8,1862.295873916,-65,-70.1,-70.07,200,1
N8,1862.977162153,-69,-67.6,-69.91,200,1
N8,1863.500866844,-67,-69.7,-69.68,200,1
N8,1863.780388673,-74,-70.2,-69.47,200,1
N8,1865.031990591,-74,-68.5,-68.66,200,1
N8,1865.332295112,-72,-67.9,-68.58,200,1
N8,1866.253388111,-64,-64.8,-68.16,200,1
N8,1866.397475287,-61,-64.1,-68.03,200,1
N8,1867.814017832,-61,-64.4,-67.71,200,1
N8,1868.279645202,-61,-63.9,-67.4,200,1
N8,1869.002838741,-64,-65.4,-67.19,200,1
N8,1871.374897613,-64,-64.5,-66.66,200,1
N8,1871.917869047,-64,-64.2,-66.76,200,1
N8,1872.333732535,-65,-65.1,-66.92,200,1
N8,1873.421375066,-70,-65,-67.01,200,1
N8,1875.143924439,-67,-65.8,-66.93,200,1
N8,1875.413508479,-68,-66.4,-66.98,200,1
N8,1875.556176172,-67,-66.9,-67.04,200,1
N8,1876.242084939,-69,-67,-67.24,200,1
N8,1878.00712257,-67,-65.9,-67.64,200,1
N8,1881.140939536,-76,-70.6,-68.42,200,1
N8,1883.952361488,-77,-69.1,-68.98,200,1
N8,1885.134836988,-71,-71,-69.26,200,1
N8,1886.488790025,-73,-70.1,-70.11,200,1
N8,1886.614480567,-69,-69.8,-70.25,200,1
N8,1887.309353215,-68,-69.4,-70.8,200,1
N8,1887.890311921,-73,-69.6,-70.97,200,1
N8,1888.131536754,-67,-70,-71.09,200,1
N8,1889.765946367,-64,-70.2,-71.33,200,1
N8,1889.7719918,-67,-70.6,-71.39,200,1
N8,1890.743577671,-73,-72.5,-71.64,200,1
N8,1891.704530718,-75,-74.3,-71.8,200,1
N8,1893.728092233,-69,-69.1,-72.78,200,1
N8,1894.628395952,-79,-74.4,-72.54,200,1
N8,1895.374133865,-79,-77.2,-72.51,200,1
N8,1896.08345875,-78,-76.6,-72.39,200,1
N8,1898.064008293,-73,-72.1,-72.06,200,1
N8,1901.091830956,-72,-71.5,-71.54,200,1
N8,1903.550481848,-80,-79.3,-70.85,200,1
N8,1903.696104084,-82,-79.3,-70.72,200,1
N8,1905.46118597,-73,-74.6,-70.54,200,1
N8,1905.722922931,-64,-71.6,-70.31,200,1
N8,1906.036569604,-67,-68.7,-70.17,200,1
N8,1906.569031518,-69,-67.8,-69.81,200,1
N8,1908.734499223,-65,-65.8,-68.77,200,1
N8,1911.141021305,-67,-66.8,-68.12,200,1
N8,1911.319152484,-66,-66.9,-68.07,200,1
N8,1916.675571183,-58,-63.2,-66.22,200,1
N8,1918.343038946,-64,-64.7,-66.62,200,1
N8,1918.454299475,-63,-64.8,-66.66,200,1
N8,1918.841919706,-66,-64.8,-66.73,200,1
N8,1919.815685,-65,-66.4,-67.12,200,1
N8,1920.20407945,-72,-68.6,-67.27,200,1
N8,1923.07393722,-64,-64.3,-68.15,200,1
N8,1923.479748508,-61,-64.6,-68.28,200,1
N8,1923.909098174,-67,-65.7,-68.42,200,1
N8,1924.56763664,-63,-67.5,-68.51,200,1
N8,1925.550612331,-70,-69.1,-68.67,200,1
N8,1927.325178051,-74,-71.7,-69.09,200,1
N8,1928.005122959,-70,-71.3,-69.19,200,1
N8,1928.423109139,-70,-71.1,-69.43,200,1
N8,1928.63056521,-70,-71.4,-69.51,200,1
N8,1928.872768445,-74,-71.4,-69.66,200,1
N8,1929.876174052,-71,-73.5,-69.8,200,1
ASUS_Z00AD,1096.567876871,-97,-90.9,-87.35,300,-1
ASUS_Z00AD,1097.033971558,-94,-90.8,-87.34,300,-1
ASUS_Z00AD,1097.449563016,-85,-90.2,-87.52,300,-1
ASUS_Z00AD,1097.884965985,-88,-88.8,-87.52,300,-1
ASUS_Z00AD,1098.309730933,-85,-90.5,-87.59,300,-1
ASUS_Z00AD,1099.103785932,-91,-90.4,-87.91,300,-1
ASUS_Z00AD,1099.30865062,-86,-88.8,-87.96,300,-1
ASUS_Z00AD,1099.522336193,-83,-87.2,-88.02,300,-1
ASUS_Z00AD,1100.706608119,-92,-88.4,-88.36,300,-1
ASUS_Z00AD,1102.041633275,-83,-87,-88.63,300,-1
ASUS_Z00AD,1102.34109614,-87,-86.3,-88.9,300,-1
ASUS_Z00AD,1102.882159368,-90,-86.8,-88.94,300,-1
ASUS_Z00AD,1104.292697805,-83,-84.4,-89,300,-1
ASUS_Z00AD,1105.608445357,-85,-87.2,-89.05,300,-1
ASUS_Z00AD,1105.837263378,-88,-87.3,-89,300,-1
ASUS_Z00AD,1108.044686502,-87,-89.9,-88.29,300,-1
ASUS_Z00AD,1108.131434106,-86,-90.6,-88.29,300,-1
ASUS_Z00AD,1108.681329575,-94,-91.1,-88.67,300,-1
ASUS_Z00AD,1109.020336293,-90,-91.6,-89.04,300,-1
ASUS_Z00AD,1109.245009262,-91,-91.4,-89.14,300,-1
ASUS_Z00AD,1111.106248167,-86,-89.2,-90.38,300,-1
ASUS_Z00AD,1116.947692071,-94,-88.9,-91.25,300,-1
ASUS_Z00AD,1117.48734129,-86,-87.5,-91.32,300,-1
ASUS_Z00AD,1117.927595196,-86,-86.2,-91.25,300,-1
ASUS_Z00AD,1118.497464623,-82,-84.2,-91.21,300,-1
ASUS_Z00AD,1119.018398998,-83,-85.9,-91.17,300,-1
ASUS_Z00AD,1119.378327591,-93,-88.1,-90.97,300,-1
ASUS_Z00AD,1120.115875299,-91,-91.1,-90.91,300,-1
ASUS_Z00AD,1120.219948789,-90,-92.7,-90.85,300,-1
ASUS_Z00AD,1121.226779049,-99,-95.4,-90.46,300,-1
ASUS_Z00AD,1122.09895884,-97,-97.7,-90.05,300,-1
ASUS_Z00AD,1122.202945611,-99,-97.6,-89.95,300,-1
ASUS_Z00AD,1122.446546288,-100,-97.4,-89.85,300,-1
ASUS_Z00AD,1123.091034934,-96,-96.3,-89.42,300,-1
ASUS_Z00AD,1124.309962746,-95,-91.9,-89,300,-1
ASUS_Z00AD,1125.837293631,-85,-87.1,-88.07,300,-1
ASUS_Z00AD,1126.698646078,-88,-86.5,-87.91,300,-1
ASUS_Z00AD,1128.682131077,-84,-83.9,-86.71,300,-1
ASUS_Z00AD,1128.787285452,-84,-84.3,-86.57,300,-1
ASUS_Z00AD,1130.140673004,-87,-85.6,-85.38,300,-1
ASUS_Z00AD,1131.099890347,-84,-85.5,-84.69,300,-1
ASUS_Z00AD,1131.313937795,-84,-85,-84.44,300,-1
ASUS_Z00AD,1132.112237482,-83,-83.3,-83.9,300,-1
ASUS_Z00AD,1137.070111543,-81,-82.3,-83.54,300,-1
ASUS_Z00AD,1137.520761126,-81,-81,-83.38,300,-1
ASUS_Z00AD,1139.273229667,-82,-80.8,-82.7,300,-1
ASUS_Z00AD,1139.704888677,-80,-80.6,-82.45,300,-1
ASUS_Z00AD,1140.148323781,-80,-81.4,-82.24,300,-1
ASUS_Z00AD,1140.284355083,-80,-81.1,-82.18,300,-1
ASUS_Z00AD,1140.709912219,-79,-81.9,-81.97,300,-1
ASUS_Z00AD,1140.811568208,-80,-82.5,-81.95,300,-1
ASUS_Z00AD,1141.483355968,-85,-83,-81.79,300,-1
ASUS_Z00AD,1142.333184145,-83,-82.9,-81.93,300,-1
ASUS_Z00AD,1144.373108467,-76,-81.7,-81.99,300,-1
ASUS_Z00AD,1145.014487373,-79,-80.1,-82.39,300,-1
ASUS_Z00AD,1147.665105862,-81,-79.7,-84.31,300,-1
ASUS_Z00AD,1147.773418726,-80,-79.9,-84.37,300,-1
ASUS_Z00AD,1147.884664664,-82,-80.8,-84.4,300,-1
ASUS_Z00AD,1148.631966903,-86,-85.4,-84.43,300,-1
ASUS_Z00AD,1148.966828778,-87,-86.9,-84.51,300,-1
ASUS_Z00AD,1150.059436173,-84,-84.6,-84.76,300,-1
ASUS_Z00AD,1150.7135306,-82,-87.1,-84.75,300,-1
ASUS_Z00AD,1152.042191589,-84,-89.4,-84.78,300,-1
ASUS_Z00AD,1157.353017629,-94,-91.1,-84.7,300,-1
ASUS_Z00AD,1157.547513983,-97,-91.9,-84.8,300,-1
ASUS_Z00AD,1157.687428879,-94,-92.3,-84.83,300,-1
ASUS_Z00AD,1157.999528983,-92,-92.8,-84.93,300,-1
ASUS_Z00AD,1158.669236483,-91,-90.1,-85.37,300,-1
ASUS_Z00AD,1158.986542368,-87,-88,-85.35,300,-1
ASUS_Z00AD,1159.422216534,-84,-86.8,-85.4,300,-1
ASUS_Z00AD,1160.649245649,-84,-85.3,-84.92,300,-1
ASUS_Z00AD,1160.96591695,-89,-85.6,-84.71,300,-1
ASUS_Z00AD,1164.51533221,-81,-80.7,-80.91,300,-1
ASUS_Z00AD,1164.829133147,-80,-83.9,-80.24,300,-1
ASUS_Z00AD,1165.059283459,-82,-83.8,-79.64,300,-1
ASUS_Z00AD,1166.949969136,-76,-78.2,-76.7,300,-1
ASUS_Z00AD,1167.263044188,-79,-78.4,-76.04,300,-1
ASUS_Z00AD,1167.473240958,-80,-77.3,-75.76,300,-1
ASUS_Z00AD,1168.026952729,-72,-77.5,-75.16,300,-1
N8,1270.815404861,-70,-69.9,-73.57,300,-1
N8,1271.613629349,-66,-67.6,-73.46,300,-1
N8,1272.174875494,-66,-69.1,-73.35,300,-1
N8,1272.557303682,-60,-68.4,-73.35,300,-1
N8,1274.23524844,-63,-65.1,-73.2,300,-1
N8,1274.511096602,-62,-65.3,-73.03,300,-1
N8,1274.651663887,-63,-67.2,-73.06,300,-1
N8,1276.29772231,-70,-68.4,-72.43,300,-1
N8,1276.555365233,-67,-68.4,-72.33,300,-1
N8,1276.705736039,-70,-68.8,-72.28,300,-1
N8,1276.848039501,-76,-70.2,-72.29,300,-1
N8,1278.629038863,-65,-67.2,-71.7,300,-1
N8,1280.376879367,-75,-68.4,-71.58,300,-1
N8,1281.212237797,-71,-71.5,-71.63,300,-1
N8,1282.032334725,-63,-73.2,-71.65,300,-1
N8,1282.459325161,-69,-73.4,-71.65,300,-1
N8,1282.835753408,-79,-72.7,-71.7,300,-1
N8,1284.043183295,-73,-76.1,-71.9,300,-1
N8,1284.611785654,-76,-77.1,-72.22,300,-1
N8,1285.009682291,-75,-76.4,-72.21,300,-1
N8,1289.701070938,-74,-72.9,-72.95,300,-1
N8,1290.584053251,-73,-73.7,-73.16,300,-1
N8,1290.857696161,-75,-75.1,-73.38,300,-1
N8,1293.727580073,-76,-73,-73.72,300,-1
N8,1295.908878199,-75,-72.9,-73.91,300,-1
N8,1299.268706429,-70,-73.7,-73.86,300,-1
N8,1299.619956022,-70,-74,-73.85,300,-1
N8,1300.600434226,-73,-73.2,-73.76,300,-1
N8,1300.864468542,-74,-73.3,-73.83,300,-1
N8,1301.97757677,-75,-73.5,-73.64,300,-1
N8,1302.087547432,-74,-73,-73.74,300,-1
N8,1302.223400954,-73,-73.8,-73.77,300,-1
N8,1302.902858014,-73,-71.8,-73.94,300,-1
N8,1304.141205317,-69,-70.4,-74.57,300,-1
N8,1306.034880557,-71,-74.6,-74.84,300,-1
N8,1311.258286791,-74,-76.2,-74.24,300,-1
N8,1312.447303336,-71,-74.5,-74.4,300,-1
N8,1312.557927123,-75,-73.8,-74.35,300,-1
N8,1316.007233022,-90,-81.2,-74.02,300,-1
N8,1316.536631558,-83,-82.2,-73.79,300,-1
N8,1318.234797999,-85,-81.4,-73.75,300,-1
N8,1318.522234527,-79,-80.7,-73.66,300,-1
N8,1320.413316029,-71,-72.9,-73.08,300,-1
N8,1320.695866151,-67,-72.4,-73.05,300,-1
N8,1321.914451543,-72,-70.1,-72.75,300,-1
N8,1323.714143393,-68,-70.1,-72.3,300,-1
N8,1326.671597149,-67,-69.6,-71.35,300,-1
N8,1327.102715926,-67,-69.8,-71.3,300,-1
N8,1328.759461441,-75,-71.6,-70.86,300,-1
N8,1331.667603201,-69,-66.7,-68.98,300,-1
N8,1332.195157856,-68,-66.8,-68.84,300,-1
N8,1334.949724844,-66,-65.5,-68.67,300,-1
N8,1336.021652795,-69,-66.9,-68.8,300,-1
N8,1336.334545513,-70,-67.4,-68.85,300,-1
N8,1337.792598022,-70,-67.6,-69.53,300,-1
N8,1338.324514288,-64,-66.9,-69.63,300,-1
N8,1339.29398076,-65,-68,-69.49,300,-1
N8,1339.412504715,-72,-68,-69.47,300,-1
N8,1339.545121963,-70,-68.6,-69.47,300,-1
N8,1340.619122703,-63,-65.9,-70.16,300,-1
N8,1341.166371829,-66,-65.1,-70.76,300,-1
N8,1341.307919895,-64,-66.6,-70.87,300,-1
N8,1343.491124956,-78,-72.7,-72.16,300,-1
ASUS_Z00AD,945.998711512,-83,-83.7,-83.25,400,-1
ASUS_Z00AD,947.247158074,-80,-80.7,-83.43,400,-1
ASUS_Z00AD,952.386361405,-74,-76.6,-83.21,400,-1
ASUS_Z00AD,953.674859946,-81,-79.7,-83.01,400,-1
ASUS_Z00AD,953.777170155,-80,-79.9,-82.95,400,-1
ASUS_Z00AD,954.086964113,-78,-80.1,-82.81,400,-1
ASUS_Z00AD,954.197355571,-79,-80,-82.76,400,-1
ASUS_Z00AD,954.633188696,-82,-80.2,-82.64,400,-1
ASUS_Z00AD,955.830789893,-86,-86.1,-82.3,400,-1
ASUS_Z00AD,956.392249737,-92,-87.8,-82.22,400,-1
ASUS_Z00AD,956.944872289,-86,-88.9,-82.06,400,-1
ASUS_Z00AD,957.487061768,-96,-89.3,-81.63,400,-1
ASUS_Z00AD,957.577667966,-99,-89.8,-81.59,400,-1
ASUS_Z00AD,958.364123799,-82,-86,-81.6,400,-1
ASUS_Z00AD,959.232886819,-86,-85.6,-81.77,400,-1
ASUS_Z00AD,959.791807444,-83,-82.5,-81.98,400,-1
ASUS_Z00AD,960.331082287,-82,-81.9,-81.82,400,-1
ASUS_Z00AD,961.544733641,-76,-76.2,-81.71,400,-1
ASUS_Z00AD,963.901431505,-78,-78.8,-80.94,400,-1
ASUS_Z00AD,964.663188744,-79,-79.7,-80.46,400,-1
ASUS_Z00AD,964.7683014,-79,-79.8,-80.35,400,-1
ASUS_Z00AD,964.897511088,-80,-80,-80.32,400,-1
ASUS_Z00AD,965.767000254,-80,-80.1,-80.14,400,-1
ASUS_Z00AD,965.885204733,-80,-80.1,-80.01,400,-1
ASUS_Z00AD,966.636021556,-76,-78.8,-79.99,400,-1
ASUS_Z00AD,967.384392285,-81,-78.9,-79.73,400,-1
ASUS_Z00AD,967.93635791,-77,-78.1,-79.68,400,-1
ASUS_Z00AD,972.859690303,-78,-80.4,-79.81,400,-1
ASUS_Z00AD,974.585042074,-83,-82.2,-80.28,400,-1
ASUS_Z00AD,975.235374521,-82,-81.7,-80.35,400,-1
ASUS_Z00AD,975.784229729,-82,-82.3,-80.57,400,-1
ASUS_Z00AD,976.109858063,-85,-83,-80.78,400,-1
ASUS_Z00AD,976.571607125,-85,-83.3,-80.91,400,-1
ASUS_Z00AD,977.832527281,-83,-80.7,-81.7,400,-1
ASUS_Z00AD,978.387372489,-78,-78.2,-82.21,400,-1
ASUS_Z00AD,978.683305353,-78,-77.9,-82.28,400,-1
ASUS_Z00AD,979.786843113,-77,-77.8,-82.88,400,-1
ASUS_Z00AD,980.38150754,-77,-80.3,-83.37,400,-1
ASUS_Z00AD,980.475228113,-79,-80.9,-83.46,400,-1
ASUS_Z00AD,980.89134905,-97,-82.3,-83.6,400,-1
ASUS_Z00AD,981.35684655,-83,-83.1,-83.58,400,-1
ASUS_Z00AD,981.896277227,-80,-82,-83.92,400,-1
ASUS_Z00AD,982.110388425,-84,-83.2,-84.22,400,-1
ASUS_Z00AD,982.967297643,-87,-85.5,-84.53,400,-1
ASUS_Z00AD,983.503330924,-89,-87.1,-84.73,400,-1
ASUS_Z00AD,984.387358945,-94,-89.3,-84.66,400,-1
ASUS_Z00AD,985.519480715,-95,-90.3,-84.54,400,-1
ASUS_Z00AD,985.965587642,-87,-85.6,-84.77,400,-1
ASUS_Z00AD,986.40803785,-83,-83.9,-84.93,400,-1
ASUS_Z00AD,986.503540507,-82,-83.7,-84.96,400,-1
ASUS_Z00AD,986.945291913,-83,-87.4,-85.36,400,-1
ASUS_Z00AD,988.070521339,-97,-90,-85.78,400,-1
ASUS_Z00AD,988.174889204,-91,-89.8,-85.85,400,-1
ASUS_Z00AD,993.203739254,-80,-86.2,-85.99,400,-1
ASUS_Z00AD,993.325947014,-81,-87.4,-85.98,400,-1
ASUS_Z00AD,994.068615191,-92,-88.9,-85.99,400,-1
ASUS_Z00AD,995.592423941,-85,-88.3,-86.06,400,-1
ASUS_Z00AD,996.152970607,-91,-86.3,-85.72,400,-1
ASUS_Z00AD,996.805009149,-81,-84.1,-85.49,400,-1
ASUS_Z00AD,998.02431894,-80,-81.7,-85.05,400,-1
ASUS_Z00AD,999.410431023,-80,-84.5,-84.75,400,-1
ASUS_Z00AD,999.846306074,-83,-86.3,-84.81,400,-1
ASUS_Z00AD,1000.720518939,-87,-86.1,-84.57,400,-1
ASUS_Z00AD,1001.274970866,-82,-84.1,-84.23,400,-1
ASUS_Z00AD,1001.711667063,-82,-83.3,-84.35,400,-1
ASUS_Z00AD,1002.152637219,-83,-82.6,-84.27,400,-1
ASUS_Z00AD,1002.609278157,-83,-82.3,-83.6,400,-1
ASUS_Z00AD,1003.531189927,-78,-80,-83.54,400,-1
ASUS_Z00AD,1003.604437479,-78,-79.7,-83.54,400,-1
ASUS_Z00AD,1004.704830083,-90,-85.7,-83.35,400,-1
ASUS_Z00AD,1005.171035552,-82,-84.8,-83.14,400,-1
ASUS_Z00AD,1005.38700227,-80,-82.8,-83.17,400,-1
ASUS_Z00AD,1006.181117218,-86,-82.5,-83.3,400,-1
ASUS_Z00AD,1007.370807478,-80,-84.8,-83.29,400,-1
ASUS_Z00AD,1007.463101801,-91,-84.5,-83.3,400,-1
ASUS_Z00AD,1007.705452999,-85,-83.5,-83.3,400,-1
ASUS_Z00AD,1013.875817736,-77,-82.9,-83.76,400,-1
ASUS_Z00AD,1014.014273621,-77,-82.3,-83.87,400,-1
ASUS_Z00AD,1014.654215079,-87,-82.1,-83.75,400,-1
ASUS_Z00AD,1014.974202475,-87,-84,-83.69,400,-1
ASUS_Z00AD,1015.412718048,-91,-84,-83.59,400,-1
ASUS_Z00AD,1015.636625496,-82,-82.7,-83.63,400,-1
ASUS_Z00AD,1016.156220391,-82,-79.5,-83.86,400,-1
ASUS_Z00AD,1016.266502735,-80,-79.1,-83.9,400,-1
ASUS_Z00AD,1017.477446849,-89,-83.4,-83.76,400,-1
ASUS_Z00AD,1017.598801484,-87,-84.1,-83.78,400,-1
ASUS_Z00AD,1020.267127317,-88,-87.3,-83.46,400,-1
ASUS_Z00AD,1021.139495337,-82,-86.9,-82.86,400,-1
ASUS_Z00AD,1021.452721379,-94,-85.5,-83,400,-1
ASUS_Z00AD,1022.579872941,-78,-79.8,-82.99,400,-1
ASUS_Z00AD,1023.016391951,-80,-80.3,-82.88,400,-1
ASUS_Z00AD,1023.229367628,-86,-81.6,-82.89,400,-1
ASUS_Z00AD,1023.555103461,-79,-83.6,-82.89,400,-1
ASUS_Z00AD,1023.92204893,-91,-85.7,-83.01,400,-1
ASUS_Z00AD,1024.141627055,-89,-85.7,-83.01,400,-1
ASUS_Z00AD,1025.119105596,-82,-83,-83.2,400,-1
ASUS_Z00AD,1026.758863668,-84,-83.3,-82.6,400,-1
ASUS_Z00AD,1029.322779657,-81,-82.8,-81.55,400,-1
ASUS_Z00AD,1029.412106844,-75,-82.5,-81.59,400,-1
ASUS_Z00AD,1032.356755593,-80,-81.5,-80.26,400,-1
ASUS_Z00AD,1038.245654185,-81,-80.2,-79.32,400,-1
ASUS_Z00AD,1038.38495231,-81,-80.4,-79.12,400,-1
ASUS_Z00AD,1040.336638142,-87,-82.6,-78.91,400,-1
ASUS_Z00AD,1040.871278298,-84,-84.1,-78.75,400,-1
ASUS_Z00AD,1041.079416632,-82,-81.2,-79.01,400,-1
ASUS_Z00AD,1041.348822882,-80,-80.3,-79.05,400,-1
ASUS_Z00AD,1042.394031058,-78,-73.6,-78.78,400,-1
ASUS_Z00AD,1043.702346526,-74,-72.8,-78.59,400,-1
ASUS_Z00AD,1044.051057828,-73,-73.3,-78.62,400,-1
ASUS_Z00AD,1044.484218037,-74,-73.6,-78.34,400,-1
ASUS_Z00AD,1044.915719078,-76,-77.8,-78.01,400,-1
ASUS_Z00AD,1045.148096682,-85,-80.1,-77.86,400,-1
ASUS_Z00AD,1045.231092047,-91,-81.3,-77.81,400,-1
ASUS_Z00AD,1046.669943244,-69,-75.8,-78.17,400,-1
ASUS_Z00AD,1047.28550564,-77,-76,-78.43,400,-1
ASUS_Z00AD,1047.502755067,-81,-80.4,-78.38,400,-1
ASUS_Z00AD,1047.649157358,-86,-81.9,-78.46,400,-1
ASUS_Z00AD,1048.327047931,-87,-85.4,-77.9,400,-1
ASUS_Z00AD,1048.739523972,-76,-78.8,-77.57,400,-1
ASUS_Z00AD,1050.835443503,-82,-80.6,-76.87,400,-1
ASUS_Z00AD,1051.717846211,-72,-72.8,-76.81,400,-1
ASUS_Z00AD,1052.947787356,-85,-83.5,-76.18,400,-1
ASUS_Z00AD,1054.058956262,-84,-81.6,-76.2,400,-1
N8,1128.079435733,-74,-73.1,-75.36,400,-1
N8,1128.198452019,-68,-71.6,-75.23,400,-1
N8,1128.486636601,-65,-71.1,-75.05,400,-1
N8,1128.642136181,-67,-71,-74.93,400,-1
N8,1129.41385788,-59,-68,-74.51,400,-1
N8,1131.998621261,-77,-70.2,-73.26,400,-1
N8,1132.263026624,-82,-71.3,-73.13,400,-1
N8,1133.909417295,-77,-73.2,-72.43,400,-1
N8,1134.441073836,-71,-74.8,-72.4,400,-1
N8,1135.0144911,-80,-75.3,-71.96,400,-1
N8,1135.275153902,-78,-76.4,-71.57,400,-1
N8,1137.055878047,-68,-70.8,-70.23,400,-1
N8,1137.448979492,-76,-70.7,-69.82,400,-1
N8,1139.512402353,-65,-67.7,-70.4,400,-1
N8,1140.612051326,-72,-65,-70.79,400,-1
N8,1141.32277841,-61,-65.5,-71.09,400,-1
N8,1141.855300829,-64,-66.8,-71.22,400,-1
N8,1142.134808162,-69,-67.6,-71.44,400,-1
N8,1142.662790149,-65,-67.1,-71.43,400,-1
N8,1143.409248038,-64,-66.6,-70.98,400,-1
N8,1143.636298941,-65,-66.9,-70.94,400,-1
N8,1145.504912522,-66,-69.1,-70.08,400,-1
N8,1145.512310334,-66,-69.9,-69.92,400,-1
N8,1145.959708486,-70,-67.5,-69.59,400,-1
N8,1146.190735471,-73,-68.1,-69.32,400,-1
N8,1146.4419851,-64,-69.3,-69.02,400,-1
N8,1146.897483516,-71,-67.9,-68.76,400,-1
N8,1147.242182136,-66,-67.9,-68.74,400,-1
N8,1149.537834974,-76,-74.6,-68.37,400,-1
N8,1152.242706589,-78,-76.5,-68.6,400,-1
N8,1152.49861379,-80,-75.4,-68.51,400,-1
N8,1152.912489971,-73,-74.7,-68.47,400,-1
N8,1153.5873134,-70,-71.9,-68.32,400,-1
N8,1153.992011203,-81,-69.1,-68.29,400,-1
N8,1155.628355216,-61,-63.6,-68.39,400,-1
N8,1156.471846399,-58,-61.4,-68.26,400,-1
N8,1158.24623784,-63,-64.3,-68.34,400,-1
N8,1163.409267451,-62,-66.9,-67.07,400,-1
N8,1164.16930647,-63,-64.8,-66.69,400,-1
N8,1164.65200586,-60,-62.9,-66.55,400,-1
N8,1165.342823112,-58,-66.7,-66.57,400,-1
N8,1165.573863942,-71,-67,-66.4,400,-1
N8,1166.057373404,-73,-67.1,-66.49,400,-1
N8,1166.523388071,-61,-67.4,-66.7,400,-1
N8,1167.235278652,-66,-67.5,-66.74,400,-1
N8,1167.693138715,-62,-67.1,-66.97,400,-1
N8,1168.351654067,-64,-69,-67.41,400,-1
N8,1171.04942662,-71,-69.4,-68.41,400,-1
N8,1171.327882042,-68,-69,-68.57,400,-1
N8,1171.647832561,-67,-68.2,-68.72,400,-1
N8,1171.747902718,-68,-68.2,-68.79,400,-1
N8,1172.280445053,-68,-66.8,-68.95,400,-1
N8,1172.564197074,-71,-66.2,-69.1,400,-1
N8,1173.109856837,-66,-64.4,-69.16,400,-1
N8,1173.922982539,-62,-66.7,-69.34,400,-1
N8,1174.362196244,-70,-67.9,-69.45,400,-1
N8,1174.476922578,-85,-68,-69.69,400,-1
N8,1175.285859362,-70,-70.4,-70.01,400,-1
N8,1175.715492213,-70,-69.1,-70.12,400,-1
N8,1176.394039922,-70,-70.1,-70.5,400,-1
N8,1177.923391554,-69,-71.7,-70.8,400,-1
N8,1181.762882142,-77,-73.4,-70.77,400,-1
N8,1182.714486535,-73,-73.5,-70.72,400,-1
N8,1182.883457497,-74,-72.8,-70.77,400,-1
N8,1183.16468792,-72,-71.9,-70.83,400,-1
N8,1185.301040914,-77,-72.5,-71.13,400,-1
N8,1189.887565004,-73,-73,-71.12,400,-1
N8,1190.265835103,-69,-71.6,-71.01,400,-1
N8,1192.102928804,-65,-68.9,-70.6,400,-1
N8,1193.12475375,-74,-67.9,-69.93,400,-1
N8,1193.27008095,-69,-67.7,-69.86,400,-1
N8,1193.397005086,-68,-67.9,-69.72,400,-1
N8,1193.549131072,-67,-67.8,-69.7,400,-1
N8,1194.764459241,-67,-67.8,-69.46,400,-1
N8,1195.706640989,-68,-69,-69.31,400,-1
N8,1197.217489736,-68,-68.8,-69.32,400,-1
N8,1198.002158539,-67,-68.2,-69.32,400,-1
N8,1198.403217292,-64,-70.4,-69.06,400,-1
N8,1199.64769671,-79,-70.8,-68.95,400,-1
N8,1200.172794274,-64,-68.5,-68.96,400,-1
N8,1200.483709696,-62,-66.1,-68.96,400,-1
N8,1203.17876523,-66,-68.5,-69.47,400,-1
N8,1203.454758044,-66,-68.5,-69.47,400,-1
N8,1203.60733897,-70,-69.5,-69.47,400,-1
N8,1204.302755789,-67,-69,-69.87,400,-1
N8,1205.199434016,-78,-72,-69.62,400,-1
N8,1205.936489129,-71,-71.7,-69.68,400,-1
N8,1206.14811056,-64,-71.6,-69.63,400,-1
N8,1207.569058009,-66,-68.6,-69.33,400,-1
N8,1208.288531907,-70,-69.3,-69.24,400,-1
N8,1208.493205274,-75,-70.2,-69.27,400,-1
N8,1210.641090888,-73,-73.9,-69.03,400,-1
N8,1211.302963957,-74,-71.9,-69.46,400,-1
N8,1212.400350719,-75,-71,-69.11,400,-1
N8,1214.068879154,-79,-69.7,-69.21,400,-1
N8,1215.419884823,-69,-66.5,-68.89,400,-1
N8,1216.779644591,-64,-65.6,-68.66,400,-1
N8,1216.917589364,-63,-65,-68.68,400,-1
N8,1217.052668692,-63,-64.3,-68.65,400,-1
N8,1217.953418469,-67,-65.6,-68.44,400,-1
N8,1221.618428888,-67,-68.4,-67.35,400,-1
N8,1223.004958704,-75,-67.1,-66.92,400,-1
N8,1223.436287865,-79,-68.6,-66.81,400,-1
N8,1224.353945118,-58,-65.1,-66.61,400,-1
N8,1224.904473968,-58,-64.7,-66.35,400,-1
N8,1225.442664945,-76,-65.9,-66.3,400,-1
N8,1225.564501039,-71,-66.8,-66.35,400,-1
N8,1227.215517335,-64,-65.8,-66.75,400,-1
N8,1229.956544323,-63,-64.8,-65.98,400,-1
N8,1231.40319081,-64,-65.6,-65.69,400,-1
N8,1232.330569602,-69,-66.2,-66.11,400,-1
N8,1232.571353257,-69,-66.4,-66.12,400,-1
N8,1233.142058237,-67,-66.5,-65.73,400,-1
ASUS_Z00AD,763.103804602,-92,-83.9,-84.73,500,-1
ASUS_Z00AD,764.309384185,-84,-82.4,-84.74,500,-1
ASUS_Z00AD,764.415499446,-83,-82.3,-84.66,500,-1
ASUS_Z00AD,765.262664133,-85,-84.4,-84.22,500,-1
ASUS_Z00AD,765.591823455,-83,-84.9,-84.22,500,-1
ASUS_Z00AD,770.354625068,-82,-85.9,-84.18,500,-1
ASUS_Z00AD,772.307581161,-86,-91.2,-84.47,500,-1
ASUS_Z00AD,772.988335484,-87,-87.3,-84.47,500,-1
ASUS_Z00AD,773.433741838,-86,-87.4,-84.52,500,-1
ASUS_Z00AD,774.202621733,-90,-88,-84.69,500,-1
ASUS_Z00AD,774.41404965,-87,-87,-84.75,500,-1
ASUS_Z00AD,776.518663191,-82,-81.6,-84.92,500,-1
ASUS_Z00AD,777.26380642,-77,-81.5,-85.37,500,-1
ASUS_Z00AD,777.471883295,-83,-80.8,-85.38,500,-1
ASUS_Z00AD,778.586766576,-81,-81,-85.22,500,-1
ASUS_Z00AD,778.752277044,-81,-80.7,-85.32,500,-1
ASUS_Z00AD,778.983527461,-80,-80.7,-85.41,500,-1
ASUS_Z00AD,779.851038346,-84,-84.7,-85.48,500,-1
ASUS_Z00AD,780.737017773,-85,-85.6,-85.19,500,-1
ASUS_Z00AD,780.834175377,-85,-85.3,-85.06,500,-1
ASUS_Z00AD,782.172229595,-80,-84.3,-85.27,500,-1
ASUS_Z00AD,783.388785897,-83,-86,-85.26,500,-1
ASUS_Z00AD,783.820835115,-81,-85.6,-85.82,500,-1
ASUS_Z00AD,784.823244021,-82,-87,-86.62,500,-1
ASUS_Z00AD,785.28544001,-82,-86.4,-86.92,500,-1
ASUS_Z00AD,785.810646312,-93,-84.9,-87.17,500,-1
ASUS_Z00AD,786.049171989,-96,-86.4,-87.17,500,-1
ASUS_Z00AD,790.5102748,-78,-88,-87.3,500,-1
ASUS_Z00AD,791.816669956,-84,-85.2,-87.56,500,-1
ASUS_Z00AD,791.929919018,-82,-85.2,-87.54,500,-1
ASUS_Z00AD,792.290455477,-89,-88.5,-87.7,500,-1
ASUS_Z00AD,792.503677351,-91,-89.6,-87.66,500,-1
ASUS_Z00AD,794.249840945,-86,-91.5,-87.91,500,-1
ASUS_Z00AD,794.679919642,-97,-92.8,-87.76,500,-1
ASUS_Z00AD,795.245401517,-90,-94.3,-87.81,500,-1
ASUS_Z00AD,796.749672819,-97,-92.7,-87.89,500,-1
ASUS_Z00AD,797.2988761,-91,-90.4,-87.57,500,-1
ASUS_Z00AD,798.520198547,-87,-85,-87.64,500,-1
ASUS_Z00AD,798.963707349,-86,-85.1,-87.52,500,-1
ASUS_Z00AD,799.194733599,-80,-87.5,-87.25,500,-1
ASUS_Z00AD,799.62768714,-96,-87.9,-86.94,500,-1
ASUS_Z00AD,801.279576984,-81,-84.3,-86.51,500,-1
ASUS_Z00AD,801.489115265,-84,-84.3,-86.33,500,-1
ASUS_Z00AD,802.595124223,-100,-86.7,-85.32,500,-1
ASUS_Z00AD,803.61971891,-84,-87.9,-85.12,500,-1
ASUS_Z00AD,803.707138233,-85,-88.3,-84.96,500,-1
ASUS_Z00AD,803.958604326,-92,-88.1,-84.75,500,-1
ASUS_Z00AD,805.514320159,-84,-85.2,-83.26,500,-1
ASUS_Z00AD,805.733557503,-86,-84.5,-83.1,500,-1
ASUS_Z00AD,806.171341982,-82,-84.7,-82.44,500,-1
ASUS_Z00AD,810.721904584,-78,-82.6,-82.09,500,-1
ASUS_Z00AD,810.926023803,-80,-82.4,-81.97,500,-1
ASUS_Z00AD,811.655804011,-78,-79.3,-81.29,500,-1
ASUS_Z00AD,811.892947188,-86,-78.9,-80.9,500,-1
ASUS_Z00AD,812.354925313,-78,-78.9,-80.61,500,-1
ASUS_Z00AD,812.784395885,-77,-78.2,-80.25,500,-1
ASUS_Z00AD,813.703664895,-80,-79.2,-80.28,500,-1
ASUS_Z00AD,814.016838489,-80,-79.7,-79.94,500,-1
ASUS_Z00AD,816.650909478,-75,-75,-80.11,500,-1
ASUS_Z00AD,817.084120467,-74,-75.3,-80.41,500,-1
ASUS_Z00AD,817.754831873,-77,-76,-81.05,500,-1
ASUS_Z00AD,817.89720505,-76,-76.3,-81.2,500,-1
ASUS_Z00AD,818.743179216,-76,-78.8,-81.53,500,-1
ASUS_Z00AD,819.0756813,-85,-81.2,-81.84,500,-1
ASUS_Z00AD,819.74276682,-83,-84.9,-81.94,500,-1
ASUS_Z00AD,819.853731612,-84,-84.8,-81.92,500,-1
ASUS_Z00AD,820.398353643,-84,-85.3,-81.94,500,-1
ASUS_Z00AD,820.957443278,-94,-87.1,-82.11,500,-1
ASUS_Z00AD,821.166302445,-88,-87,-82.14,500,-1
ASUS_Z00AD,821.505536611,-83,-86.3,-82.44,500,-1
ASUS_Z00AD,822.783059007,-93,-88.7,-83.27,500,-1
ASUS_Z00AD,823.205786402,-87,-90.4,-83.59,500,-1
ASUS_Z00AD,823.744656975,-94,-90.3,-83.7,500,-1
ASUS_Z00AD,824.186974735,-84,-87.3,-84.06,500,-1
ASUS_Z00AD,825.473711349,-81,-82.8,-84.94,500,-1
ASUS_Z00AD,825.823643901,-78,-81.4,-84.79,500,-1
ASUS_Z00AD,826.255595568,-78,-79.5,-84.9,500,-1
ASUS_Z00AD,826.377303641,-77,-79.5,-84.91,500,-1
ASUS_Z00AD,826.67399312,-79,-81.6,-84.74,500,-1
ASUS_Z00AD,832.050330513,-87,-83.7,-84.39,500,-1
ASUS_Z00AD,832.492133065,-91,-84.9,-84.38,500,-1
ASUS_Z00AD,832.813808847,-77,-86.6,-84.34,500,-1
ASUS_Z00AD,833.580001034,-76,-84.2,-83.91,500,-1
ASUS_Z00AD,834.371119315,-86,-86.4,-83.16,500,-1
ASUS_Z00AD,837.597575147,-83,-83.2,-83.47,500,-1
ASUS_Z00AD,837.704716918,-83,-83.5,-83.44,500,-1
ASUS_Z00AD,838.333885146,-83,-83.4,-83.67,500,-1
ASUS_Z00AD,838.775575771,-91,-82.2,-83.62,500,-1
ASUS_Z00AD,839.648776604,-79,-81.4,-83.47,500,-1
ASUS_Z00AD,841.271016552,-82,-81.9,-83.15,500,-1
ASUS_Z00AD,841.373625197,-80,-81.6,-83.01,500,-1
ASUS_Z00AD,841.618517489,-83,-81.9,-82.78,500,-1
ASUS_Z00AD,841.718272176,-81,-81.9,-82.76,500,-1
ASUS_Z00AD,842.607919103,-81,-82.6,-82.4,500,-1
ASUS_Z00AD,843.665102749,-84,-83.7,-82.22,500,-1
ASUS_Z00AD,844.331060144,-86,-83.8,-82.34,500,-1
ASUS_Z00AD,846.950639935,-77,-82.2,-82.18,500,-1
ASUS_Z00AD,852.464591495,-79,-79.9,-81.81,500,-1
ASUS_Z00AD,853.137937589,-73,-74.6,-81.67,500,-1
ASUS_Z00AD,853.458636391,-72,-75.9,-81.39,500,-1
ASUS_Z00AD,853.878874047,-73,-77.4,-81.19,500,-1
ASUS_Z00AD,855.050846026,-81,-83.2,-80.4,500,-1
ASUS_Z00AD,855.274869255,-80,-82.3,-80.35,500,-1
ASUS_Z00AD,856.613699619,-87,-83.9,-78.62,500,-1
ASUS_Z00AD,857.035085921,-81,-82.5,-77.87,500,-1
ASUS_Z00AD,857.259818108,-79,-79.6,-77.6,500,-1
ASUS_Z00AD,857.585388316,-76,-79.7,-77.39,500,-1
ASUS_Z00AD,857.686684879,-74,-79.1,-77.24,500,-1
ASUS_Z00AD,858.257687066,-75,-78.9,-76.77,500,-1
ASUS_Z00AD,858.474153108,-78,-80.7,-76.25,500,-1
ASUS_Z00AD,858.559475295,-78,-79.3,-76,500,-1
ASUS_Z00AD,859.365564045,-72,-75.4,-75.27,500,-1
ASUS_Z00AD,859.792859774,-71,-74.6,-75.23,500,-1
ASUS_Z00AD,859.994006284,-75,-74.1,-75.11,500,-1
ASUS_Z00AD,860.223787899,-76,-75.1,-74.8,500,-1
ASUS_Z00AD,860.568156284,-77,-76.2,-74.36,500,-1
N8,481.252894485,-76,-75.5,-72.76,500,-1
N8,482.325105694,-74,-72.9,-72.26,500,-1
N8,482.964530289,-72,-68.7,-71.65,500,-1
N8,485.956638012,-70,-70.1,-69.69,500,-1
N8,486.231192833,-65,-69.6,-69.58,500,-1
N8,486.649646309,-66,-66,-69.08,500,-1
N8,487.181595832,-61,-64.4,-69.01,500,-1
